我,与,城北,的,徐公,谁,美,？
我,和,城北,的,徐公,谁,美,？
我,与,城北徐公,谁,美,？
我,与,城北徐公,谁,美,？
我,和,徐公,谁,美,？
我,与,城北徐公,谁,更,美,？
我,与,城北,的,徐公,谁,美,？
我,与,城北,的,徐公,谁,美,？
我,和,城北,的,徐,公比,谁,美,？
我,与,城北徐公,比,谁,美,？
我,与,城北,的,徐公,谁,美
我,和,城北,的,徐公,谁,美,？
我,与,城北徐公,谁,美,？
我,与,城北徐公,比,谁,更,美,？
我,与,城北,的,徐公,相比,谁,更,美,？
我,和,城北徐公,谁,更,美,？
我,与,城北徐公,谁,美,？
我,与,城北,的,徐公,谁,美,？
我,与,城北,的,徐公,相比,，,谁,更,美,呢
我,跟,城北徐公,比,谁,更,美,？
我,与,城北徐公,谁,美,？
我,与,城北,的,徐公,谁,美
我,和,城北,的,徐,公比,谁,美,？
我,和,城北,的,徐,公比,谁,美,？
我,与,城北徐公,谁,更,美,？
我,与,城北徐公,谁,美,？
我,和,城北徐公,比,谁,美,？
我,与,城北徐公,谁,美,？
我,与,城北徐公,比,谁,更,美,？
我,与,城北徐公,谁,美,？
我,与,城北,的,徐公,谁,美,？
我,和,城北,的,徐,公比,谁,美,？
我,和,徐公,相比,谁,漂亮,？
我,和,城北徐公,谁,美,？
我,与,城北,的,徐公,谁,美,？
我,与,徐公,谁,美,？
我,跟,城北,的,徐,公比,谁,更,美,？
我,和,城北,的,徐,公比,谁,美,？
我,和,城北,的,徐,公比,谁,美,？
我,和,城北,的,徐,公比,谁,漂亮,？
我,和,城北徐公,谁,美,？
我,和,城北徐公,比美
我,与,城北,的,徐公,谁,美,？
我,和,城北,的,徐公,，,谁,美,？
我,与,城北徐公,谁,美,？
我,与,城北徐公,比,谁,美,？
我,与,城北,的,徐,公比,谁,更,美,？
我,和,城北,的,徐公,谁,美,？
我,与,城北徐公,谁,美,？
我,和,城北,的,徐公,谁,美,？
我,与,城北,的,徐公,相比,谁,更,美,？
我,与,城北徐公,谁,美,？
我,与,城北,的,徐公,相比,，,谁,更,美,？
我,与,城北徐公,比,谁,美,？
我,与,城北,的,徐公,相比,谁,更,美,？
我,和,城北徐公,比,谁,美,？
我,与,城北徐公,比,谁,更,美,？
我,与,城北徐公,比,谁,美,？
我,与,城北徐公,谁,美,？
我,和,城北,的,徐公,谁,更,美,？
我,和,城北,的,徐,公比,，,谁,更好,看,？
我,与,城北,的,徐,公比,谁,更,美,？
我,与,城北,的,徐公,相比,谁,更,美,？
我,和,城北,的,徐公,谁,更,美,？
我,和,城北徐公,相比,谁,美,？
我,和,城北,的,徐公,谁,更,美,？
我,与,城北,的,徐公,相比,谁,更,美,？
我,和,城北,的,徐公,谁,美
我,和,城北,的,徐公,相比,谁,美,？
我,和,城北,的,徐,公比,谁,美,？
我,与,城北,的,徐公,相比,谁,更,美,？
我,和,城北,的,徐,公比,谁,美,？
我,与,城北,的,徐公,谁,更,美,？
我,和,城北徐公,相比,谁,美,？
我,和,城北,的,徐,公比,谁,美,？
我,与,城北,的,徐公,谁,美,？
我,与,城北徐公,相比,谁,更,美,？
我,与,城北,的,徐,公比,谁,美
我,与,城北徐公,比,谁,更,美,？
我,与,城北徐公,谁,美,？
我,和,城北,的,徐公,，,谁,美,？
我,和,城北,的,徐公,谁,更,美,？
我,和,城北徐公,谁,美,？
我,和,城北,的,徐,谁,美,？
我,和,城北,的,徐,公比,谁,美,？
我,与,城北徐公,谁,美,？
我,与,城北徐公,比,谁,美,？
我,与,城北,的,徐公,相比,谁,更,美,？
我,和,城北徐公,相比,谁,更,美,？
我,与,城北徐公,谁,美,？
我,与,城北,的,徐公,谁,美,？
我,和,城北,的,徐,公比,谁,美,？
我,与,城北徐公,比,谁,美,？
我,与,城北,的,徐公,谁,美,？
我,和,城北,的,徐公,谁,美,？
我同,城北徐公,比,谁,美,？
我,与,城北,的,徐公,相比,，,谁,美,？
我,和,徐公,谁,美
我,和,城北徐公,比,谁,美,？
我,和,城北徐公,谁,美,？
我,与,城北,的,徐公,相比,，,谁,更,美,？
我同,城北徐公,比,谁,美,？
我,与,城北徐公,比,谁,更,美,？
我,和,城北徐公,比,谁,更,美,？
我,跟,城北,的,徐公,谁,更,美,？
我,与,城北,的,徐公,相比,谁,更,美,？
我,与,城北,的,徐公,相比,谁,更,美,？
我,与,城北,的,徐公,谁,美,？
我,与,城北徐公,谁,美
我,与,城北徐公,相比,谁,更,美
我,和,城北徐公,比,谁,美
我,与,城北徐公,谁,更,美,？
我,和,城北徐公,比,谁,美,？
我,与,城北徐公,相比,，,谁,更,美,？
我,与,城北,的,徐公,谁,美,？
我,和,城北,的,徐公,谁,更,美,？
我,与,城北徐公,谁,美,？
我,与,城北徐公,谁,更,美
我,和,城北徐公,谁,美,？
我,与,城北徐公,比,谁,美,？
我,与,城北徐公,相比,谁,美,？
我,和,城北徐公,谁,美,？
我,和,城北,的,徐公,相比,谁,更,美,？
我,和,城北徐公,相比,谁,美,？
我,与,城北,的,徐公,谁,美,？
我,与,城北徐公,谁,美,?
我,和,城北,的,徐公,谁,漂亮
我,与,城北徐公,谁,美,？
我,和,城北,的,徐公,谁,美,？
我同,城北徐公,比,谁,美,？
我,和,城北徐公,谁,美,？
我,与,城北徐公,谁,美,？
我,与,城北徐公,谁,美,？
我,与,城北徐公,谁,更,美,?
我同,城北,的,徐公,相比,，,谁,更,美,？
我,和,城北,的,徐公,谁,美,？
我,和,城北,的,徐公,谁,更,美,？
我,与,城北,的,徐公,谁,美,？
我,与,城北,的,徐公,谁,更,美,？
我,与,城北徐公,谁,美,？
我,与,城北,的,徐公,相比,哪,一个,美,？
我,与,城北,的,徐,公比,谁,美
我,与,城北徐公,谁,美,？
我,与,城北徐公,相比,，,谁,更,美,？
我,和,城北,的,徐,公比,，,谁,更,美,呢,？
我,与,城北,的,徐公,谁,美,？
我,与,城北徐公,相比,谁,更,美,？
我,和,城北,的,徐公,谁,美,？
我,与,城北徐公,相比,谁,美,？
我,和,城北,的,徐公,谁,更,美,？
我同,城北,的,徐公,相比,，,谁,更,美,？
我,和,城北,的,徐公,比美,，,谁,更,美,？
我,和,城北,的,徐,公比,谁,美,？
我,与,城北,的,徐公,谁,美,。
我,与,城北徐公,谁,更,美,？
我,和,城北,的,徐,公比,谁,美,？
我,与,城北徐公,相比,谁,更,美,？
我,和,城北,的,徐公,相比,谁,更,漂亮,？
我,和,徐公,谁,更,美
我,与,城北徐公,相比,谁,更,美丽,？
我,与,城北,的,徐公,谁,比较,美,？
我,与,城北,的,徐公,谁,美,？
我,和,城北,的,徐公,谁,更,漂亮,？
我,与,城北,的,徐公,谁,更,美,？
我,与,齐国,的,徐公,谁,美,？
我,与,城北徐公,谁,更,美,？
我,和,城,北面,的,徐公,，,谁,的,容貌,更美,。
我,和,城北,的,徐公,谁,美,？
我,与,城北,的,徐公,相比,谁,更,美,？
我,与,城北,的,徐,公比,，,谁,更,美,？
我,与,城北徐公,谁,美,？
我,与,城北,的,徐公,那个,更美
我,和,城北,的,徐公,谁,美,？
我,和,住,在,城北,的,徐公,谁,更,漂亮,一点,。
我,和,城北,的,徐公,谁,更,美,？
我,和,城北,的,徐,公比,谁,美,？
我,与,城北,的,徐公,谁,哪个,更美,？
我,与,城北,的,徐公,谁,美,？
我,与,城北,的,徐公,谁,美
我,和,城北,的,徐公,谁,美,。
我,和,城北,的,徐,公比,谁,美,？
我,和,城北,的,徐,公比,谁,美,？
我,和,城北,的,徐公,谁,美,？
我,和,城北徐公,谁,更,美,。
我,和,城北,的,徐公,谁,美
我,与,城北徐公,谁,美,。
我,比,的,上,城北,的,徐公,吗,？
我,与,城北,的,徐公,谁,美,？
我,和,城北徐公,谁,美
我,和,城北徐公,又,比,谁,美,？
我,和,城北,的,徐公,谁,美,？
我,跟,徐公,谁,美,？
我,和,城北,的,徐公,谁,更,美,？
我,与,城北徐公,谁,美
我,与,城北徐公,谁,美,？
我,与,城北,的,徐公,谁,美
我,与,城北, ,徐公,谁,美,？
我,和,城北,的,徐,公比,谁,美,？
我,与,城北徐公,比,谁,更,美,。
我,和,城北徐公,比,谁,美,？
我,和,城北徐公,相比,谁,更,美,一点,？
我,和,城北徐公,谁,美,？
我,与,城北,的,徐,公比,，,谁,更,美,？
我,与,城北,的,徐公,相比,，,谁,更,美,呢,？
我,和,城北徐公,比,，,谁,更,美,？
我,与,城北徐公,谁,美,？
我,与,城北徐公,相比,谁,更,美,？
我,和,城北,的,徐,公比,谁,更,美,？
我,与,城北徐公,谁,更,美,？
我,与,城北徐公,谁,美,？
我,和,城北徐公,相比,谁,更,美,？
我,与,城北徐公,谁,美
我,和,城北徐公,谁,美,？
我,和,城北徐公,比,谁,更,美,？
我,和,城北徐公,比,谁,美
我,和,城北,的,徐公,谁,美,。
我,与,城北徐公,谁,美,？
我,和,城北,边,的,徐公,哪个,更,美丽,？
我,与,城北徐公,谁,美,？
我,和,城北,的,徐,公比,谁,美,？
我,与,城北徐公,谁,更,美
我,与,城北,的,徐公,谁,美,？
我,与,城北,的,徐公,相比,，,谁,更,美,。
我,和,城北,的,徐,公比,谁,美,？
我,和,城北徐公,比,谁,更,美,？
我,与,城北,的,徐公,谁,更,美,？
我,与,城北,的,徐公,谁,美,？
我,和,城北,的,徐公,谁,美,？
我,与,城北,的,徐公,相比,，,谁,更,美,？
我,与,城北,的,徐,公比,谁,更,美,？
我,和,城北徐公,谁,美,？
我,与,城北,的,徐公,谁,美
我同,城北,的,徐公,相比,谁,美,？
我,跟,城北,的,徐,公比,谁,更,美
我同,城北,的,徐公,相比,谁,更,美,？
我,与,城北,的,徐,公比,谁,更,美,。
我,与,城北徐公,谁,美
我,与,城北,的,徐,公比,，,谁,更,美,呢,？
我,和,城北,的,徐,公比,谁,更,美,？
我,与,城北徐公,相比,谁,美,？
我,和,城北,的,徐公,相比,那个,谁,美
我,和,城北,的,徐,公比,谁,美,？
我,与,城北徐公,谁,更,美,？
我,和,城北,的,徐,公比,谁,美,？
我同,城北,的,徐公,相比,，,我,与,他,谁,更,美,？
我,与,城北,的,徐公,相比,，,谁,更,美,？
我,与,城北,的,徐公,相比,谁,更,美,？
我,和,城北,的,徐,公比,谁,美,？
我,和,城北,的,徐,公比,谁,更,美,？
我,和,城北,的,徐,公比,谁,美,？
我,和,城北,的,徐,公比,谁,更,美
我,与,城北,的,徐公,谁,更,美,？
我,和,城北,的,徐公,相比,谁,更,美,？
我,与,城北,的,徐,公比,谁,更,美,？
我,和,徐公,谁,美
我,和,城北徐公,谁,美,？
我,与,城北徐公,谁,美,？
我,和,城北,的,徐,公比,谁,美,？
我,和,城北徐公,相比,谁,美,？
我同,城北徐公,相比,谁,美,？
我,和,城北,的,徐,公比,谁,美,？
我,与,城北,的,徐公,谁,更,美,？
我,与,城北,的,徐公,谁,美,？
我,和,城北,的,徐公,谁,美,？
我,与,城北,的,徐公,相比,，,谁,更,美,？
我,与,城北徐公,比,，,谁,更,美,呢
我,和,城北,的,徐公,谁,美,？
我,与,城北徐公,谁,美,？
我,与,城北,的,徐,公比,谁,更,美,？
我,和,城北,的,徐,公比,谁,美,？
我同,城北徐公,谁,美,？
我,与,城北徐公,谁,美,？
我,与,城北,的,徐公,相比,谁,更,美,？
我,与,城北,的,徐公,，,谁,美,。
我,和,城北徐公,谁,美,？
我,与,城北徐公,谁,美,？
我,与,城北徐公,谁,美,？
我,与,城北徐公,谁,美,？
我,与,城北,的,徐,公比,谁,更,美,？
我,与,城北徐公,谁,美,？
我,与,城北徐公,谁,美,？
我,与,城北徐公,相比,谁,美,？
我,和,城北徐公,谁,美,？
我,与,城北,的,徐公,相比,，,谁,更,美,？
我,相比,与,城北徐公,谁,美,？
我,与,城北,的,徐工,谁,美,？
我,与,城北,的,徐公,谁,美,？
我,与,城北,的,徐公,相比,，,谁,美,？
我,与,城北徐公,相比,谁,美,？
我,与,城北,的,徐公,谁,美
我,与,城北徐公,谁,美
我,和,城北,的,徐公,谁,美,？
我,与,城北徐公,比,谁,美
我,和,城北徐公,谁,更,美
我,与,城北,的,徐,公比,谁,更,美,？
我,和,城北,的,徐公,谁,美,？
我,和,城北,的,徐,公比,，,谁,更,美,？
我,和,城北,的,徐工,谁,更,美
我,和,城北,的,徐公,谁,美,？
我,与,城北徐公,谁,美,？
我,和,城北,的,徐公,相比,谁,更,美,？
我,与,城北徐公,谁,美,？
我,与,城北徐公,谁,美,？
我,与,城北徐公,相比,谁,美,？
我,与,城北徐公,相比,谁,更,美丽,？
我,和,徐公,谁,美,？
我,与,城北徐公,比,谁,更,美,？
我,和,城北徐公,谁,美,？
我,和,城北,的,徐公,（,相,比较,）,谁,更,美,？
我,与,城北徐公,谁,美,？
我,与,城北徐公,美让,美,。
我,与,城北,的,徐公,比较,谁,美,？
我,与,城北徐公,相比,，,谁,更,美,？
我,和,城北徐公,谁,最美,？
我,与,城北徐公,比,谁,美,？
我,和,城北徐公,比,谁,美,？
我同,城北徐公,相比,谁,美,？
我,和,城北徐公,谁,更,美,？
我,跟,城北徐公,，,哪,一个,更美,呢,？
我,与,城北,的,徐公,相比,谁,更,美,？
我,与,城北,的,徐公,谁,更,美,？
我,和,城北,的,徐公,相比,，,谁,更,美,？
我,和,城北徐公,谁,美,？
我,与,城北徐公,相比,，,谁,更,漂亮,？
我,与,城北徐公,相比,谁,更,美,？
我,与,城北徐公,相比,，,谁,更,美,呢,？
我,与,城北,的,徐公,谁,更,美,？
我,与,城北徐公,谁,美,？
我,与,城北,的,徐公,谁,美,？
我,与,城北,的,徐公,谁,美,？
我,与,城北徐公,谁,美,？
我同,城北,的,徐公,相比,谁,美,？
我,和,城北徐公,谁,美,？
我,与,城北,的,徐公,谁,美,？
我,与,城北,的,徐公,谁,美,？
我,与,城北徐公,谁,美,？
我,与,城北,的,徐公,谁,更,美,？
我,与,城北徐公,谁,美,？
我,和,城北,的,徐公,哪,一个,更美,？
我,和,城北,的,徐公,谁,更,美,呢,？
我,与,城北,的,徐公,谁,更,美,？
我,与,城北徐公,相比,，,谁,更,美,呢,？
我同,城北徐公,相比,谁,美,？
我,与,城北,的,徐公,谁,美,？
我,和,城北,的,徐公,相比,，,谁,更,美,？
我,和,城北,的,徐,公比,谁,美,？
我,与,城北,的,徐公,谁,美,？
我,与,城北,的,徐公,相比,，,谁,更,美,？
我,和,城北,的,徐公,相比,，,谁,更,美,呢,？
我,与,城北,的,徐公,谁,美,？
我,与,城北徐公,谁,美,？
我,与,齐,＃,城,北部,的,徐公,谁,美
我,和,城北徐公,谁,美,？
我,与,城北徐公,比,谁,更,美,？
我,与,城北徐公,相比,谁,更,美,？
我,和,城北徐公,相比,谁,美,？
我,与,城北徐公,谁,更,美,？
我,与,城北徐公,相比,，,谁,更,美,？
我,与,城北徐公,谁,美,？
我,和,城北徐公,比,，,谁,美,？
我,和,城北,的,徐公,谁,美,？
我,与,城北徐公,谁,美,？
我,和,城北,的,徐公,相比,，,谁,更,美,呢,？
我,与,城北徐公,谁,美,？
我,与,城北,的,徐公,相比,谁,更,美,？
我,与,城北,的,徐公,谁,美,？
我,和,城北,的,徐公,谁,美,？
我,与,城北徐公,比,谁,美,？
我,与,城北徐公,谁,美,？
我,与,城北徐公,谁,更,美,？
我,和,城北徐公,比,谁,美,？
我,和,城北徐公,比,，,谁,更,美,？
我,与,城北,毒攻,相比,，,谁,更,美
我,与,城北徐公,相比,，,谁,更,美,。
我,和,城北徐公,相比,，,谁,更,美,呢,？
我,与,城北,的,徐公,相比,，,谁,更,美,？
我,与,城北,的,徐公,谁,更,美,。
我,和,城北,的,徐公,，,谁,更,美,？
我,与,城北徐公,，,哪,一个,更美,？
我,和,城北,的,徐公,谁,美
我,与,城北,的,徐公,谁,美
我,与,城北徐公,谁,美,？
我,与,城北,的,徐公,谁,美丽,。
我,与,城北,的,徐公,谁,美,？
我,与,城北,的,徐公,谁,美,？
我,和,城北,的,徐,公比,谁,更,美
我,与,城北,的,徐公,谁,美,？
我,与,城北,的,徐公,谁,更,美,？
我,与,城北徐公,相比,谁,美,？
我,与,城北,的,徐公,谁,更,美,？
我同,城北,的,徐公,相比,谁,美,？
我,与,城北徐公,比,那个,更美,？
我,和,城北徐公,谁,美
我,和,城北,的,徐公,谁,更,美,？
我,与,城北,的,徐公,谁,美,？
我,和,城北,的,徐公,谁,美,？
我,与,城北,的,徐公,两个,比较,，,谁,更,美,？
我,和,城北徐公,相比,，,谁,更,美,？
我,跟,城北,的,徐,公比,谁,更,漂亮,？
我,和,城北,的,徐,公比,谁,漂亮,？
我,和,城北徐公,比,，,谁,美,？
我,与,城北徐公,比,谁,美
我,与,城北,的,徐公,谁,美,？
我,与,城北,的,徐,公比,谁,更,美
我,和,城北,的,徐,公比,，,谁,最美,。
我,和,城北,的,徐公,相比,谁,美,？
我,与,城北徐公,相比,，,谁,更,美,？
我,和,城北徐公,谁,美,？
我,和,城北,的,徐公,谁,美,？
我,与,城北,的,徐,公比,谁,更,漂亮,？
我,与,城北,的,徐公,谁,漂亮,。
我,与,城北,的,徐公,相比,，,谁,更,漂亮,？
我,和,城北,的,徐公,谁,更,美,？
我,与,城北,的,徐公,相比,，,谁,更,美,？
我,与,城北,的,徐公,相比,谁,更,美,？
我,与,城北,的,徐公,谁,更,漂亮
我,和,城北,的,徐,公比,谁,更,美丽
我,跟,城北徐公,比,谁,漂亮,？
我,跟,城北,的,徐,公比,谁,更,漂亮,？
我,和,城北,的,徐公,谁,更,漂亮
我,与,城北徐公,相比,，,谁,美,？
我,和,徐,公比,谁,更,美,呢,？
我,和,城北徐公,谁,美
我,与,城北徐公,谁,美,？
我,与,城北,的,徐公,谁,美,？
我,跟,城北,的,徐公,谁,更,漂亮
我,与,城北,的,徐公,相比,，,谁,更,美,呢,？
我,和,城北,的,徐公,相比,哪个,更美
我,与,城北徐公,比,谁,漂亮
我,和,城北徐公,比,谁,更,漂亮,？
我,与,城北徐公,比,谁,美,？
我,和,城北,的,徐公,相比,，,谁,更,美
我,和,城北,的,徐,公比,谁,更,美
我,与,城北徐公,相比,，,谁,更,美,？
我,与,城北徐公,谁,美,?
我,与,城北徐公,相比,谁,美
我,和,城美,徐公,谁,美,？
我,与,城北,的,徐公,谁,更,美,？
我,与,城北徐公,谁,美,？
我,跟,城,的,徐,公比,谁,更,漂亮,。
我,与,城北,的,徐,公比,谁,更,漂亮
我,与,城北,的,徐公,相比,，,哪,一个,更,漂亮,？
我,和,城北徐公,谁,美,？
我,和,城北,的,徐,公比,谁,漂亮
我,和,城北徐公,比,，,谁,更,漂亮
我,与,城北,的,徐公,相比,，,谁,更,美,？
我,和,城北徐公,谁,更,漂亮,？
我,和,城北,的,徐,公比,谁,更,美
我,跟,城北,的,徐公,谁,最美
我,和,城北,的,徐,公比,谁,美,？
我,与,城北徐公,比,，,谁,美,？
我,和,城北徐公,谁,更,美,？
我,与,城北,的,徐公,谁,更,美,？
我,与,城公,的,徐公,谁,更,美丽
我,和,城北,的,徐公,谁,美
我,和,城北,的,徐公,谁,美
我,与,城北徐公,比,谁,美,？
我,与,城北,的,徐,公比,谁,更,美丽,？
我,和,城北徐公,比,，,谁,美,？
我,与,城北,的,徐公,谁,美,？
我,与,城北,的,徐公,相比,谁,更,美,？
我,与,徐公,相比,谁,更,美,？
我,和,城北,的,徐,公比,，,谁,更,漂亮,？
我,和,城北,的,徐,公比,谁,美,？
我,与,城北徐公,比,谁,美,？
我,与,城北,的,徐,公比,谁,更,美,。
我,和,城北,的,徐,公比,谁,更好,看,。
我,与,城北,的,徐,公比,谁,更,美
我,与,城北徐公,谁,美,？
我,与,城北,的,徐公,谁,美,？
我,和,城北,的,徐公,谁,美,？
我,和,城北,的,徐公水,漂亮
我,与,城北徐公,谁,更,美,？
我,和,城北,的,徐公,谁,美
我,和,城北,的,徐公,谁,最美,？
我,和,城北,的,徐公,谁,美,？
我,跟,城北,的,徐公,那,便,漂亮
我,和,城北,的,徐公,谁,美,？
我,和,城北,的,徐,公比,谁,美,？
我,与,城北,的,徐公,谁,更,漂亮
我,与,城北徐公,谁,美,啊,！
我,与,城北徐公,谁,美,？
我,与,城北徐公,谁,美,。
我,和,城北,的,徐,公比,谁,更,漂亮
我,与,城北,的,徐公,谁,美
我,和,城北,的,徐公,谁,美,？
我,和,城北,的,徐,公比,，,谁,更,美,。
我,与,城北徐公,相比,谁,美,。
我,与,城北徐公,比,谁,更,美,？
我,与,城北徐公,谁,更,美,？
我,与,成北,徐公,谁,美,？
我,与,城北,的,徐公,谁,美,？
我,与,城北,的,徐,公比,谁,更,漂亮,。
我,与,城北徐公,谁,美,？
我,和,城北,的,徐,公比,谁,漂亮,？
我,和,城北,的,徐公,哪,一个,美,？
我,与,城北,的,徐公,谁,更,美,？
我,和,城北,的,徐,公比,谁,更,漂亮
我,与,城北,徐美,谁,美
我,比,齐国,城北徐公,谁,更,美,。
我,和,城北,的,徐,公比,谁,更,美丽,？
我,与,城北,的,徐公,相比,谁,更,美,？
我,跟,城北徐公,比,谁,更,美,？
我,和,城北徐公,比,，,谁,美,？
我,与,城北徐公,相比,谁,更,漂亮,？
我,与,城北徐公,谁,美,？
我,与,城北,的,徐公,相比,谁,美,？
我,与,城北, ,的,徐公,相比,，,谁,更,美,呢,？
我,与,城北,的,徐公,谁,更,美,？
我,和,城北,的,徐公,谁,美,？
我,和,城北,的,徐公,谁,更,美,？
我,和,城北,的,徐公,谁,没,？
我,与,城北徐公,谁,美,？
我,与,城北,的,徐公,谁,美,？
我,和,城北,的,徐公,相比,谁,美,？
我,和,城北,的,徐,公比,谁,美,？
我,和,城北,的,徐,公比,谁,更帅,？
我,和,城北,的,徐,公比,谁,更,美,？
我,和,城北,的,徐公,谁,更,美
我于,城北徐公,比,谁,更,美丽
我,与,城北,的,徐公,谁,更,美,？
我,与,城北,的,徐,公比,谁,更,漂亮,？
我,和,城北,的,徐公,相比,谁,更,美,？
我,和,城北,的,徐,公比,谁,美,？
我,与,城北徐公,谁,更,美,？
我,和,城北,的,徐公,谁,更,漂亮,？
我,和,城北,的,徐公,相比,谁,更,美,？
我,与,城北,的,徐公,谁,更,美,？
我,与,城北,的,徐公,谁,更,美,？
我,和,城北,的,徐公,谁,更,美,？
我,和,徐公,谁,更,美,？
我,与,城北徐公,谁,美,？
我,和,城北,的,徐公,谁,更,漂亮
我,是,跟,城北,的,徐公,谁,更,美
我,和,城北,的,徐公,谁,美,？
我,和,城北徐公,谁,更,漂亮,？
我,与,城北,的,徐公,谁,更,美丽,？
我,和,城北,的,许公,谁,更,美丽,？
我同,城北,的,徐公,相比,谁,美,？
我,和,城北徐公,谁,美,。
我,和,城北,的,徐公,谁,美,？
我,与,城北,的,徐,公比,，,谁,更,漂亮
我,和,城北,的,徐公,谁,美,？
我,与,城北徐公,谁,最,美丽
我,和,城北,边,的,徐公,谁,好看,？
我,和,城北,的,徐,公比,谁,更,美,？
我,和,徐,公比,谁,美
我,与,城北,的,徐公,谁,美
我,与,城北徐公,相比,谁,更,美,呢,？
我,与,城北,的,徐公,谁,美丽,？
我,和,城北,的,徐,公比,谁,美,？
我,和,城北,的,徐公,谁,美,？
我,和,城北,的,徐,公比,谁,漂亮,？
我,与,城北,的,徐,公比,，,谁,美,？
我,和,城北,的,徐,公比,谁,漂亮,。
我,和,徐公,哪,一个,更美,？
我,与,城北,的,徐,公比,谁,漂亮,？
我,和,城北,的,徐公,谁,漂亮,？
我,与,城北徐公,比,，,谁,更,漂亮,？
我,与,城北,的,徐公,相比,，,谁,更,美,？
我,和,城北徐公,比,谁,美,？
我,与,城北徐公,比,谁,美,？
我,与,城北,的,徐,公比,谁,更,美
我,和,城北,的,徐,公比,谁,美,？
我,与,城北,的,徐公,谁,更,漂亮,？
我,和,城北,的,徐,公比,，,谁,美,？
我,与,城北徐公,谁,美,？
我,和,城北,的,徐,公比,谁,美,？
我,和,城北徐公,谁,美,？
我,与,城北,的,徐公,谁,美,？
我,和,城北,的,徐,公比,谁,更,美,啊,？
我,和,城北徐公,比,谁,更,美,？
我,和,城北,的,徐,公比,谁,美,呢,？
我,和,徐公,谁,美,？
我,和,北城,的,徐公,谁,美,。
我,和,城北徐公,比,谁,更,漂亮,？
我,和,城北徐公,比,谁,更,漂亮,。
我,与,徐,公比,谁,更,美,吗,？
我,和,城北徐公,谁,美,？
我,和,城北徐公,谁,美,？
我,和,城北,的,徐公,，,哪,一个,更美,！
我,与,城北,的,徐公,谁,美,。
我,与,城北徐公,比,，,谁,美,？
我,和,城北,的,徐公,谁,美,？
我,和,城北,的,徐,公比,谁,更,美,啊,？
我,和,城北徐公,谁,美,？
我,与,城,徐公,谁,美
我,与,城北徐公,谁,漂亮,？
我,和,城北,的,徐公,谁,美
我,和,城北,的,徐公,相比,谁,更,美
我,和,徐,公比,谁,美,？
我,与,城北徐公,谁,美,。
我,和,城北,的,徐公,谁,更,美,？
我,和,城北,的,徐公,谁,漂亮,？
我,与,城北,的,徐公,谁,美,？
我,和,城北,的,徐,公比,，,谁,更,美,啊,？
我,和,城北,的,徐公,（,相比,）,谁,更,美,？
我,和,城北徐公,谁,美,？
我,和,城北,的,徐公,谁,漂亮,？
我,与,城北,的,徐公,谁,更,漂亮
我,与,城北,的,徐,公比,谁,美,？
我,与,城北,的,徐公,谁,美,？
我,与,城北,的,徐公,谁,更,美
我,和,徐,公比,谁,美,？
我,与,城北徐公,谁,美,？
我,与,城北,的,徐,公比,谁,更,美,？
我,和,城北,的,徐,公比,谁,美,？
我同,城北徐公,相比,谁,美,？
我,和,城北,的,徐,公比,起来,谁,更,美,一些,呢,？
我,与,城北徐公,谁,美,？
我,与,那,城北徐公,谁,美,？
我,和,城北徐公,比,谁,美,？
我,与,城北,的,徐公,相比,，,谁,更,美,？
我,和,城北,的,徐,公比,谁,更,美,？
我,与,城北,的,徐公,谁,更,美,呢,？
我,与,城北徐公,比,谁,美,？
我,和,城北,的,徐,公比,谁,美,？
我,和,城北,的,徐公,相比,，,谁,更,美,？
我,和,城北徐公,谁,美,？
我,和,城北,的,徐,公比,谁,美
我,和,城北,的,徐公,谁,更,漂亮,？
我,和,城北徐公,相比,谁,美,？
我,与,城北,的,徐公,谁,美,？
我,有没有,城北,的,徐公美,？
我,和,城北徐公,比,谁,美,？
我,和,城北徐公,谁,美
我,和,城北,的,徐公,相比,谁,更,美,？
我,和,城北徐公,谁,美
我,与,城北,的,徐公,谁,美,？
我,与,城北徐公,谁,美,？
我,与,城北徐公,相比,，,谁,更,美
我,和,城北,的,徐公,相比,，,谁,美,？
我,与,城北徐公,谁,美,？
我,和,城北,的,徐公,相比,，,谁,更,美,呢,？
我,与,城北,的,徐,公比,谁,漂亮,？
我,和,城北,的,徐公,谁,美
我,和,城北徐公,比,谁,美,？
我,与,城北徐公,谁,美,？
我,与,城北,的,徐公,相比,，,谁,更,美,？
我,和,城北,的,徐,公比,起来,谁,更,美丽,？
我,和,城北,的,徐,公比,谁,美,？
我,和,城北徐公,比,谁,美,？
我,和,城北,的,徐,公比,谁,美,？
我,和,城北徐公,比,谁,更,美,？
我,和,城北徐公,谁,美,？
我,与,城北,的,徐公,谁,美,。
我,和,城北,的,徐,公比,谁,美,？
我,与,城北徐公,谁,更,美丽
我,与,城北,的,徐公,谁,更,美,呢,？
我,比,城北,的,徐公,相比,，,谁,美,？
我,与,徐公,谁,美,？
我,与,城北徐公,比,谁,美,？
我,与,城北,的,徐,公比,谁,美,？
我,和,城北徐公,谁,美,。
我,和,城北徐公,比,谁,美,？
我,与,城北徐公,相比,谁,美,？
我,和,城北徐公,谁,美,？
我,和,徐,公比,谁,更,美,？
我,与,城北,的,徐公,谁,更,美丽,？
我,和,城北,的,徐,公比,，,谁,更,美,？
我,和,城北徐公,谁,美
我,与,城北,的,徐公,谁,更,美,？
我,和,城北徐公,哪,一个,美,？
我,和,城北徐公,谁,美,？
我,（,邹忌,）,和,城北徐公,比,谁,美,？
如果,想,有,辉煌,的,明天,，,就,请,你,也,多一些,“,高贵,的,低头,”
我,和,城北,的,徐公,相比,谁,更,美,？
我,和,城北,的,徐,公比,谁,美,？
我,与,城北,的,徐,公比,谁,美
我,和,城北,的,徐公,谁,更,美
我,和,城北,的,徐公,谁,美
我,与,城北徐公,谁,美
我,与,城北,徐,谁,美,？
我,与,城北,的,徐,公比,谁,更,美丽
我,与,城北,的,徐,公比,，,谁,美,？
我,和,城北,的,徐,公比,谁,美,？
我,和,城北徐公,谁,美
我,与,城北,的,徐公,谁,美
我,和,城北徐公,谁,美
我,和,城北徐公,比,谁,更,美,？
我,与,城北徐公,谁,美,？
我,与,城北徐公,比,谁,美,？
我,与,城北徐公,谁,美,？
我,与,城北,的,徐公,谁,更,美,。
我同,城北徐公,相比,，,谁,美,？
我,与,城北徐公,相比,，,哪个,更美,？
我,和,城北徐公,比,谁,美,？
我,和,城北徐公,谁,美,？
我,与,城北,的,徐,公比,谁,美,？
我,和,城北,的,徐,公比,谁,美,。
我,和,城北徐公,谁,美,？
我,和,徐公,谁,美
我于,城北徐公,哪个,更美
我,与,城北徐公,比,谁,美,？
我,与,城北徐公,谁,美,？
我,和,城北徐公,比,哪个,更美
我于,城北徐公,比,谁,美
我,与,城北,的,徐公,相比,，,谁,更,美,呢,？
我,和,城北徐公,谁,美
我,和,徐,公比,，,谁,更,美,？
我,和,城北,的,徐公,相比,谁,美,？
我,与,城北,的,徐公,谁,美
我,和,城北,的,徐,公比,谁,更,美,？
我,和,城北,的,徐公,谁,美,？
我,与,城北,的,徐公,谁,美,？
我,与,城北徐公,相比,，,谁,更,美,？
我,跟,城北徐公,比,谁,漂亮,？
我,与,城北,的,徐公,谁,美,？
我,与,城北徐公,谁,更,美,？
我,与,城北,的,徐,公比,谁,更,美
我,和,城北,的,徐公,哪个,更美,？
我,与,城北徐公,比,，,谁,美,？
我,与,城北徐公,相比,谁,美,？
我,与,城北,的,徐公,相比,谁,更,美丽,呢,？
我,与,城北徐公,谁,美,？
我,与,城北徐公,谁,美,？
我,和,城北,的,徐公,相比,，,谁,更,美,？
我,与,城北,的,徐公,相比,谁,更,美,？
我,与,城北,的,徐公,谁,美,？
我,和,城北徐公,谁,好看,？
我,与,城,非得,徐公,谁,更,漂亮
我,城北,的,徐公,谁,美,？
我,跟,城北,的,徐,公比,谁,漂亮,？
我,与,城北徐公,谁,更,美
我,与,城北,的,徐公,谁,美,?
我,与,城北徐公,比,谁,美,？
我,和,城北徐公,谁,美
我,和,城北,的,徐,公比,谁,更,漂亮,？
我,与,城北徐公,比,谁,美,？
不,好看
我,和,城北,的,徐公,相比,谁,更,美,？
我,与,城北,的,徐,公比,谁,美,？
我,和,城北,的,徐,公比,谁,更,美
我,和,城北徐公,谁,美
我,与,城北,的,徐公,相比,，,谁,更,美,？
我,跟,城北,的,徐,公比,谁,更,美
我,与,城北,的,徐公,谁,美,？
我,和,城北,的,徐,公比,谁,美,？
我,与,城北,的,徐公,谁,美
我,和,城北徐公,谁,美,？
我,与,城北徐公,谁,美
我,与,城北徐公,谁,美,？
我,和,城北,的,徐公,谁,更,美,？
我,和,城北徐公,谁,美,？
我,与,城北徐公,谁,美,？
我,和,城北徐公,谁,美,？
我,跟,城北,的,徐,公比,谁,美
我,与,城北,的,徐公,谁,漂亮,？
我,与,城北徐公,谁,漂亮,？
我,与,城北徐公,比,，,谁,美,？
我,和,城北,的,徐公,谁,更,美,？
我,与,城北徐公,谁,美,？
我,与,城北徐公,谁,美,。
我,和,徐公,谁,更,美丽
我,和,城北,的,徐,公比,谁,更,美,？
我,与,城北徐公,谁,美,？
我,和,城北,的,徐公,谁,更,美,？
我,与,城北,的,徐公,谁,美,？
我,与,城北徐公,比,谁,美,？
我,与,城北,许公,相比,谁,更,美,？
我,和,城北,的,徐公,谁,美,？
我,和,城北徐公,谁,美,？
我,与,城北徐公,比,谁,更,美,？
我,与,城北徐公,谁,美,？
我,跟,城北徐公,比,谁,更,美,？
我,与,城北,的,徐公,相比,谁,更,美,？
我,与,城北徐公,相比,谁,更,美,？
我,和,城北徐公,相比,谁,更,美,？
我,和,城北徐公,比,谁,美,？
我,与,城北徐公,比,谁,美,？
我,与,城北徐公,相比,谁,更,美,？
我,与,城北徐公,相比,，,谁,更,美,？
我,与,城北徐公,相比,谁,美,？
我,和,城北,的,徐,公比,谁,美,？
我,与,城北徐公,谁,美
我,与,城北,比,徐公,谁,美,。
我,与,城北徐公,相比,谁,更,美,？
我,与,城北,的,徐,公比,谁,美,。
我,和,城北,的,徐,公比,谁,更,美,。
我,和,城北徐公,比,谁,更,美,。
我,与,城北徐公,比,谁,更,美,。
我,和,城北,的,徐公,谁,更,美,。
我,与,城北,的,徐,公比,谁,美,。
我,与,城北徐公,比,谁,美,？
我,跟,城北徐公,比,谁,更,美,。
我,与,城北徐公,比,谁,美,。
我,与,城北徐公,谁,美,。
我,和,城北徐公,相比,谁,更,美,？
我,与,城北徐公,比,，,谁,更,美,？
我,和,住,在,城北,的,徐公,谁,美,？
我,与,城北徐公,比,谁,美,？
我,与,城北徐公,比,谁,更,美,？
我,与,城北徐公,谁,美,？
我,与,徐公,相比,谁,更,美,？
我,与,城北徐公,谁,美,？
我,和,城北徐公,相比,谁,更,美,？
我,与,城北,的,徐公,谁,美,？
我,与,城北,的,徐公,相比,谁,更,美,？
我,与,城北,的,徐公,谁,美,？
我,和,城北,的,徐公,相比,谁,更,美,？
我,与,城北徐公,谁,美,？
我,与,城北徐公,谁,更,美,？
我,与,城北徐公,谁,美,。
我,与,城北徐公,谁,更,美,？
我,与,城北徐公,比,，,谁,更,美,？
我,与,城北徐公,谁,更,美,？
我,跟,城北,的,徐,公比,谁,更,美,？
我,与,城北,的,徐公,相比,谁,更,美,？
我,与,城北徐公,相比,谁,更,美,？
我,与,城北,的,徐公,相比,谁,更,美,？
我,与,城北徐公,谁,美,？
我,与,城北徐公,相比,，,谁,美,？
我,和,城北徐公,谁,美,？
我,跟,城北,的,徐,公比,谁,更,美,？
我,和,城北徐公,相比,谁,更,美
我,和,城北徐公,谁,美
详,：,我,和,城北,的,徐公,谁,美,？
我,与,城北,的,徐公,谁,美,？
我,与,城北,的,徐公,相比,谁,更,美,？
我,和,城北徐公,比,谁,美,？
我,与,城北徐公,谁,美,？
我,与,城北徐公,相比,谁,美,？
我,与,城北,的,徐公,相比,，,谁,更,美,呢,？
我,与,城北徐公,谁,更,美,？
我,与,城北,的,徐公,谁,美
我,与,城北徐公,谁,美,？
我,与,城北徐公,相比,谁,更,美,？
我,与,城北,的,徐公,相比,谁,更,美,？
我,与,城北,的,徐公,谁,更,美,。
我,和,徐公,谁,漂亮,？
我,和,徐公,谁,美丽,？
我,与,城北徐公,谁,更,美
我,与,城北,的,徐,公比,谁,美,？
我,与,城北,的,徐,公比,，,谁,美,？
我,与,城北徐公,谁,美,？
我,与,城北徐公,谁,美,？
我,与,城北,的,徐,公比,，,谁,美,？
我,和,城北徐公,谁,美,？
我,和,城北,的,徐公,谁,美
我,与,城北徐公,谁,美,？
我,与,城北,的,徐公,谁,美,？
我,与,城北徐公,谁,美,？
我,与,城北徐公,谁,美,。
我,与,城北徐公,谁,美,？
我,与,城北徐公,比,谁,美,？
我,与,城北徐公,相比,谁,美,？
我,和,城北,的,徐公,相比,，,哪,一个,更美,？
我,与,城北徐公,谁,美,？
我,与,城北,的,徐公,谁,美,？
我,和,城北,的,徐公,相比,，,谁,更,美
我,与,城北徐公,谁,美,。
我,和,城北徐公,谁,更,美,？
我,和,城北,的,徐公,相比,谁,更,美
我,和,城北徐公,谁,美
我,与,城北徐公,谁,美,？
我,与,城北徐公,谁,美,？
我,和,城北徐公,比,谁,美,。
我,与,城北徐公,谁,美
我,与,城北徐公,比,谁,美,？
我,与,城北,的,徐公,哪个,美,？
我,与,徐公,谁,美,？
我,和,城北,的,徐,谁,美,。
我,与,城北,的,徐公,谁,美,？
我,和,城北,的,徐公,谁,美,。
我,和,城北,的,徐,公比,谁,美,？
我,和,城北徐公,谁,美,？
我,与,城北徐公,谁,美
我,与,城北,的,徐公,谁,美,？
我,与,城北,的,徐公,谁,更,美,？
我,与,城北徐公,比,，,谁,更,美,。
我,与,城北徐公,谁,美,？
我,与,城北,的,徐,公比,谁,美
我,和,城北徐公,谁,美
我,与,城北徐公,比,，,谁,美,。
我,与,徐公,相比,谁,美,？
我,和,城北,的,徐,公比,谁,更,美,？
我,与,城北,的,徐公,谁,美,？
我,和,城北徐公,谁,更,美,？
我,和,城北,的,徐公,谁,美,？
我,和,城北,的,徐公,谁,更,美,？
我,和,城北,的,徐公,谁,美
我,与,城北徐公,谁,美
我,与,城北,的,徐公,谁,更,美
我,与,城北,的,徐公,相比,谁,美,？
我,与,城北徐公,比,谁,美
我,与,城北徐公,谁,美
我,和,城北,的,徐公,相比,谁,到时候,美
我,和,城北徐公,比,谁,美,。
我,和,城北,的,徐公,谁,美
我,与,城北徐公,相比,谁,美,？
我,与,城北,的,徐公,谁,美,？
我,与,城北徐公,谁,美,？
我许,徐公,谁,美,？
我,和,城北,的,徐,公比,，,谁,更,美,？
我,与,城北,的,徐,公比,谁,美,？
我,与,城北,的,徐公,谁,更,美,？
我,与,城北徐公,谁,美,？
我,与,城北,的,徐公,谁,美,？
我,与,城北,的,徐公,谁,美
我,和,城北,的,徐公,谁,美
我,与,城北徐公,谁,美
我,和,城北,的,徐,公比,谁,美,？
我,与,城北徐公,谁,美
我,与,城北徐公,相比,谁,更,美,？
我,与,城北徐公,谁,美,？
我,与,城北,的,徐公,相比,谁,更,美,？
我,与,城北,的,徐公,谁,更,美,？
我,与,城北徐公,谁,更,美,。
我,和,城北徐公,谁,美,？
我,与,城北,的,徐,公比,谁,更,美
我,和,城北,的,徐,公比,谁,更,美
我,与,城北徐公,谁,美
我,与,城北,的,徐公,谁,美
我,与,城北,的,徐公,谁,美,？
我,与,城北徐公,谁,美
我,与,城北,的,徐公,谁,美,？
我,和,城北徐公,谁,美
我,与,城北,的,徐公,相比,谁,更,美,呢,？
我,与,城北徐公,谁,美,?
我,与,城北徐公,谁,美,?
我,与,城北徐公,比,，,谁,更,美,呢,？
我,与,城北徐公,比,谁,美,？
我,与,城北,的,徐公,谁,美,。
我,与,城北,的,徐公,相比,谁,更,美,？
我,与,城北,的,徐公,相比,谁,更,美,？
我,与,城北,的,徐公,相比,谁,更,美,？
我,与,城北,的,徐公,谁,更,美,？
我,与,城北徐公,谁,美,？
我,和,徐公,谁,美
我,和,城北徐公,比,谁,美,？
我,与,住,在,城北,的,徐公,相比,谁,更,美,？
我,与,城北徐公,谁,美,？
我,与,城北,的,徐,公比,谁,美,？
我,与,城北,的,徐公,比美,，,谁,美,？
我,和,城北徐公,谁,美
我,与,城北,的,徐公,谁,美
我,与,城北徐公,比,谁,美,？
我,和,城北徐公,谁,美,？
我,（,邹忌,）,与,城北,的,徐公,谁,美,？
我,和,城北徐公,谁,更,美
我,和,城北,的,徐公,谁,美
我,与,城北徐公,谁,美,。
我,和,城北,的,徐公,相比,谁,更,美,呢,？
我,与,城北,的,徐公,谁,美
我,与,城北,的,徐,公比,谁,更,美,？
我,与,城北,的,徐公,相比,，,谁,更,美,？
我,与,城北徐公,谁,美
我,和,城北徐公,比,谁,美,？
我,和,城北,的,徐公做,比较,，,谁,更,美,？
我,和,城北徐公,谁,更,美
我,与,城北徐公,比,谁,美,？
我,和,徐公,谁,美
我,与,城北徐公,比,谁,美,。
我,与,城北,的,徐公,谁,更,美,？
我,与,城北徐公,谁,美,？
我,和,城北徐公,，,谁,美,？
我,与,城北徐公,谁,美,？
我,和,城北,的,徐,公比,谁,美,？
我,与,城北徐公,谁,更,美,？
我,与,城北徐公,比,谁,美,？
我,与,城北徐公,比,，,谁,更,美,？
我,和,城北,的,徐公,，,谁,更,漂亮,？
我,与,城北,的,徐公,谁,美
我,和,与,城北,的,徐公,谁,更,美,？
我,和,城北徐公,谁,美,?
我,和,城北徐公,谁,美,？
我,与,城北,的,徐公,谁,更,美,？
我,和,城北,的,徐,公比,谁,更,漂亮,啊,？
我,与,城北徐公,谁,美,？
我,和,城北,的,徐公,相比,，,谁,更,漂亮
我,与,城北,的,徐公,相比,哪,一个,更美,？
我,和,城北徐公,相比,谁,更,美,？
我,与,城北,的,徐,公比,谁,美
我,与,城北徐公,谁,更,美
我,与,城北徐公,谁,美,？
我,和,城北徐公,比,谁,美,？
我,与,徐公,相比,谁,美
我,和,城北徐公,相比,谁,更,美,？
我,和,城北,的,徐,公比,谁,美,？
我,和,城北,的,徐,公比,谁,更,美,？
我,与,城北徐公,谁,美,？
我,和,城北徐公,相比,谁,更,美,。
我,与,城北,的,徐公,谁,更,美,？
我,与,城北,的,徐公,相比,谁,更,美,？
我,与,城北徐公,相比,，,谁,更,美,？
我,和,城北,的,徐,公比,谁,美,？
我,和,城北,的,徐公,谁,美
我,和,城北徐公,相比,，,谁,美,？
我,与,地北,的,徐公,相比,谁,更,美
我,与,城北,的,徐公,谁,更,美,呢,？
我,和,城北,的,徐公,谁,美
我,与,城北,的,徐公,相比,，,谁,更,美,？
我,与,城北徐公,比,谁,美
我,与,徐,公比,，,谁,美,？
我,和,城北徐公,相比,谁,美,？
我,和,城北,的,徐,公比,谁,美,？
我,和,城北,的,徐公,谁,美,？
我,和,城北,的,徐公,哪个,美,？
我,与,城北,的,徐公,谁,美,？
我,与,城北,的,徐公,相比,谁,更,美
我,和,城北,的,徐公,相比,谁,更,美
我,与,城北,的,徐公,谁,更,美丽,？
我,跟,城北徐公,比,谁,美,？
我,和,城北徐公,比,谁,美
我,与,徐北,的,徐公,相比,谁,美
我,与,城北徐公,谁,更,美,？
我,与,城北徐公,相比,，,谁,更,美,？
我,和,城北,的,徐公,谁,美
我,和,城北,的,徐,公相,谁,美,？
我,与,城北徐公,谁,美,？
我,和,城北,的,徐,公比,谁,美,呢,？
我,与,城北,的,徐,公比,谁,美,？
我,和,城北徐公,谁,美,？
我,与,城北,的,徐公,谁,更,美丽,？
我,和,徐公,相比,谁,更,美
我,和,城北,的,徐公,，,我俩,谁,美,？
我,和,城北,的,徐,公比,谁,美,？
我,和,城北,的,徐,公比,谁,美,？
我,与,城北徐公,相比,谁,更,美
我,与,城北徐公,相比,，,谁,更,美,？
我,和,城北,的,徐,公比,谁,美
我,和,城北徐公,谁,更,美,？
我,和,的,徐公,相比,谁,更,美,。
我,与,城北,的,徐公,谁,更,美
我,与,城北徐公,谁,更,美
我,与,城北,的,徐公,谁,美,。
我,与,城北徐公,谁,更,美
我,与,城北徐公,谁,美,？
我,和,城北,的,徐公,谁,更,美,（,一些,）,？
我,与,城北徐公,谁,美
我,与,徐,公比,，,谁,更,美,？
我,与,城北徐公,相比,哪,一个,美,？
我,和,城北,的,徐公,谁,更,美,？
我,和,城北,的,徐公,谁,美,。
我,和,城北,的,徐公,谁,美,？
我,和,城北,的,徐公,谁,更,漂亮,？
我,与,城北徐公,谁,更,美,？
我,和,城北徐公,谁,美,？
我,与,城北徐公,相比,谁,更,美,？
我,与,城北徐公,比,谁,美,？
“,我,”,与,城北徐公,相比,谁,更,漂亮,？
我,比,城北,的,徐公,，,谁,更,美丽,。
我,与,城北,的,徐公,谁,美,？
我,和,城北,的,徐公,比较,谁,美,？
我,跟,城北徐公,相比,，,谁,更,美,？
我,和,城北,的,徐公,谁,美,？
我同,城北,的,徐,公比,谁,美,？
我,怎么,能,与,徐公,比美
我,与,城北,的,徐公,，,哪个,美,？
我,与,城北徐公,比,谁,更,美,。
我,和,城北,的,徐,公比,，,谁,美
我,与,城北,的,徐公,谁,美,？
我,与,城北徐公,比,谁,更,美,？
我,和,城北,的,徐,公比,，,谁,美,？
我,与,城北,的,徐公,谁,更,美
我,与,城北,的,徐公,谁,更,美,呢,？
我,与,城北,的,徐,公比,，,谁,更,美,？
我,与,城北,的,徐公,谁,美,？
我,和,城北,的,徐公,谁,更,美,一些,？
我,与,城北,的,徐公,谁,美
我,和,城北,的,徐公,谁,美
我,和,城北,的,徐公,谁,更,美,啊,？
我,和,城北,的,徐公,谁,更,美些,呢,？
我,与,城北徐公,相比,谁,更,美,？
我,与,城北,边,的,徐,公比,谁,美,？
我,与,城北徐公,谁,美
我,和,城北徐公,相比,，,谁,更,美,？
我,和,城北徐公,比,，,谁,更,美,？
我,和,城北,的,徐,公比,谁,更,美丽,？
我,和,城北,的,徐公,谁,更,美,？
我,与,城北,的,徐公,谁,美
我,与,城北徐公,比,谁,美,。
我,和,徐公,谁,比较,美
我,和,城北,的,徐公,哪个,美,？
我,与,城北,的,徐公,谁,更,美,？
我,和,城北徐公,比,谁,美,？
我,与,城北,的,徐公,谁,更,美,？
我,与,徐公,谁,美
我,与,城北,的,徐公,谁,美,？
我,和,城北,的,徐,公比,谁,更,美,？
我,与,城北徐公,相比,谁,美,？
我,和,城北徐公,谁,美,？
我,与,城北,的,徐公,相比,谁,更,美,？
我,和,城北,的,徐,公比,谁,美,？
我,与,城北,的,徐公,谁,美,？
我,与,城北徐公,谁,美,？
我,与,城北,的,徐公,谁,更,美,？
我,跟,城北徐公,比,谁,美,？
我,与,城北,的,徐,公比,谁,更,美,呢
我,与,城北,的,徐公,相比,谁,更,美,？
我,和,城北徐公,比,，,谁,美,？
我,与,城北徐公,相比,谁,美,？
我,和,城北,的,徐,公比,谁,美,？
我,与,城北,的,徐,公比,谁,更,美
我,和,城北,的,徐公,谁,美
我,和,城北,的,徐公,谁,美,？
我,和,城北,的,徐公,谁,更,美,。
我,与,城北,的,徐公,相比,谁,更,美,呢,？
我,和,城北,的,徐,公比,谁,美,？
我,和,城北,的,徐公,谁,美,？
我,和,城北徐公,比,谁,更,美
我,和,徐公,相比,谁,美,？
我,与,城北,的,徐公,谁,更,美,？
我,和,城北徐公,谁,美,？
我,与,城北徐公,比,谁,美,？
我,与,城北,的,徐公,相比,，,谁,更,美,？
我,和,城北,的,徐,公比,谁,更,美,？
我,与,城北徐公,相比,，,谁,更,美,？
我,与,城北徐公,谁,美,。
我,与,城北,的,徐,公比,，,谁,更,美,？
我,与,城北徐公,谁,更,美,呢
我,和,城北徐公,比,谁,美,？
我,与,城北,的,徐公,哪个,更,漂亮
我,与,城北,的,徐公,相比,，,谁,更,美,？
我,与,城北,的,徐公,谁,美,？
我,与,城北徐公,相比,谁,美,？
我,与,城北,边,的,徐,公比,，,谁,美
我,和,城北,的,徐,公比,谁,更,美,？
我,与,城北,的,徐公,相比,谁,更,美,？
我,与,城北,的,徐,公比,谁,更,美
我,与,城北,的,徐公,谁,美,？
我,和,城北徐公,谁,美,？
我,和,城北,的,徐公,谁,更,美,？
我,与,城北徐公,比,谁,美,。
我,与,城北,的,徐公,谁,美,？
我,与,城北徐公,相比,谁,美,？
我,与,城北,的,徐公,相比,哪个,更美,？
我,与,城北徐公,比,谁,更,美,？
我,和,城北徐公,相比,，,谁,更,美,？
我,和,城北,的,徐,公比,谁,美,？
我,和,城北,的,徐公,谁,更,美
我,与,城北徐公,比,起来,哪个,美,？
我,与,城北,的,徐公,谁,美,？
我,与,城北徐公,谁,美,？
我,和,城北,的,徐,公比,谁,美,？
我,和,城北,的,徐,公比,谁,美
我同,城北徐公,相比,谁,美,？
我,和,城北,的,徐,公比,谁,美,？
我,与,城北,的,徐,公比,，,谁,美,？
我,和,城北,的,徐公,相比,谁,美,？
我,和,城北,的,徐公,，,哪,一个,美,？
我,和,城北徐公,谁,更,美,？
我,和,城北徐公,相比,，,谁,更,美,？
我,和,城北,的,徐,公比,谁,美,？
我,与,城北,的,徐公,相比,，,谁,更,美,？
我,和,城北,的,徐,公比,谁,美,？
我,和,城北,的,徐公,相比,谁,更,美,？
我,与,城北徐公,谁,美,？
我,和,城北,的,徐公,谁,美
我,与,城北,的,徐,公比,，,谁,更,美,？
我,和,城北,的,徐,公比,谁,美,？
我,与,城北徐公,相比,，,谁,美,？
我,与,城北,的,徐公,谁,美
我,与,城北,的,徐公做,比较,谁,美,？
我,与,城北徐公,相比,谁,美,？
我,与,城北徐公,谁,美,？
我,和,城北,的,徐公,谁,美,？
我,与,城北徐公,相比,谁,更,美
我,和,城北,的,徐公,谁,更,美,？
我,与,城北,的,徐公,相比,谁,更,美,？
我,与,城北,的,徐,公比,谁,美,？
我,和,城北徐公,谁,更,美,？
我,与,城北徐公,谁,美,？
我,和,城北徐公,谁,美
我,和,城北,的,徐,公比,谁,美,？
我,与,城北徐公,谁,美,？
我,和,城北徐公,谁,美
我,与,城北徐公,谁,美,？
我,和,城北,的,徐公,谁,美丽,？
我,与,城北徐公,相比,谁,更,美,？
我,与,城北徐公,谁,美
我,与,城北徐公,谁,美,？
我,与,城北徐公,谁,美,？
我,与,城北徐公,相比,谁,美,？
我,与,城北徐公,比,谁,更,美,？
我,与,城北徐公,谁,美,？
我,与,城北徐公,比,哪,一个,更美,？
我,与,城北徐公,相比,谁,更,美,？
我,和,城北,的,徐,公比,谁,美,？
我,与,城北,的,徐,公比,谁,美,？
我,和,城北,的,徐,公比,，,谁,更,漂亮,？
我,和,城北,的,徐,公比,，,谁,美,？
我,和,城北,的,徐公,相比,谁,更,美,？
我,和,城北,的,徐公,相比,谁,更,美,？
我,和,城北,的,徐公,谁,更,美,？
我,和,城北,的,徐公,相比,谁,美
我,与,城北徐公,谁,美,？
我,与,城北,的,徐,公比,谁,美,？
我,与,城北,的,徐公,，,谁,更,美,？
我,与,城北,的,徐公,相比,，,谁,更,美,？
我,和,城北,的,徐公,谁,美,？
我,与,城北徐公,谁,美,？
我,与,城北徐公,比,谁,美,？
我,和,城北,的,徐公,谁,美,？
我,与,城北徐公,比,谁,美,？
我,跟,城北,的,徐公,谁,美
我,和,城北,的,徐公,相比,谁,更,美,？
我,和,城北,的,徐公,谁,美,？
我,和,城北,得,徐公,谁,更,美,？
我,和,城北徐公,相比,谁,更,美丽
我,和,城北徐公,谁,更,美
我,与,城北徐公,谁,更,美,？
我,与,城北徐公,谁,更,美,？
我,和,城北徐公,比,，,谁,更,美,？
我,和,城北徐公,相比,，,谁,美,？
我,和,城北徐公,比,谁,美,？
我,与,城北,的,徐公,相比,谁,更,美
我,与,城公,谁,美,？
我,与,城北徐公,谁,美,？
我,和,城北徐公,相比,谁,更,美丽,？
我,和,城北徐公,相比,谁,美,？
我,和,城北徐公,谁,美,？
我,和,城北徐公,相比,谁,美,？
我,与,城北徐公,相比,谁,更,美,。
我,和,城北徐公,相比,谁,更,美
我,和,城北徐公,比,谁,美,？
我,和,城北徐公,比,谁,美,？
我,与,城北徐公,谁,美,？
我,与,城北,的,徐,公比,谁,美,？
我,与,城北徐公,谁,更,美,？
我,与,城北,的,徐公,相比,谁,更,美,？
我,与,城北徐公,谁,美,？
我,有,城北,的,徐,公比,谁,美,？
我,和,城北徐公,比,谁,美,？
我,与,城北徐公,比,谁,更,美,？
我,与,城北徐公,相比,，,谁,更,美,？
我,与,城北,的,徐公,相比,谁,更,美,？
我,与,城北,的,徐公,相比,谁,更,美,？
我们,要,多一些,高贵,的,低头
我,和,城北徐公,比,谁,更,美,？
我,与,城北徐公,谁,更,美,？
我,与,城北徐公,比,谁,更,美,？
我,和,城北徐公,相比,谁,美,？
我,和,城北,的,徐,公比,谁,美,？
我,与,城北,的,徐公,相比,谁,更,美,？
我,与,城北徐公,谁,美,？
我,与,城北徐公,谁,美,？
我,与,城北徐公,谁,更,美,？
我,和,城北,的,徐,公比,谁,美,？
我,和,城北徐公,想,比,谁,美,？
我,和,城北,的,徐,公比,谁,美,？
我同,城北徐公,比,谁,美
我,与,城北徐公,谁,更,美,？
我,和,城北,的,徐,公比,谁,美,？
我,和,城北徐公,比,，,谁,更,美,？
我,与,城北徐公,比美,。
我,和,城北徐公,比,谁,美,？
我,和,城北徐公,相比,谁,美,？
我,和,城北,的,徐公,谁,美,？
我,与,城北,的,徐公,谁,更,美
我,和,城北,的,徐公,谁,美
我,与,城北徐公,谁,美,？
我,和,城北徐公,谁,更,美,？
我,和,城北徐公,比,谁,美,？
我,与,徐公,相比,谁,更,美,？
我,和,城北,的,徐公,相比,谁,更,美,？
我,与,城北,的,徐公,谁,美
我,和,城北,的,徐,公比,谁,美,？
我,与,城北,的,徐公,谁,更,美丽,？
我,和,城北,的,徐,公比,谁,美,？
我,与,城北徐公,谁,美,。
我,与,城北,的,徐公,相比,谁,美,？
我,与,城北徐公,相比,，,谁,美,？
我,和,城北徐公,比,谁,美,？
我,和,城北,的,徐,公比,，,谁,更,美,？
我,与,城北徐公,比,谁,美,？
我,与,城北,的,习惯,相比,，,谁,更,美,？
我,和,城北,的,徐公,谁,美,？
我,与,城北,的,徐公,相比,，,谁,更,美,？
我,与,城北徐公,比较,谁,更,美,？
我,与,城北徐公,谁,美,？
我,和,城北徐公,比,谁,美,？
我,和,城北徐公,相比,哪个,更美,？
我,与,徐公,相比,谁,美,？
我,和,城北,的,徐,公比,谁,美,？
我,与,北城,的,徐公,谁,更,美,。
我,与,城北徐公,相比,谁,美,？
我,和,城北,的,徐,公比,，,谁,美,？
我,与,城北徐公,相比,谁,美,？
我,与,城北,的,徐公,相比,，,谁,更,美,？
我,和,徐公,相比,谁,更,美,？
我,与,徐公,相比,谁,更,美,？
我,和,城北徐公,谁,美,？
我,与,城北徐公,相比,谁,美丽,？
我,与,城北徐公,比,谁,美
我,与,城北徐公,相比,谁,更,美
我,与,徐,公比,谁,美,？
我,和,城北,的,徐,公比,谁,美,？
我,和,城北,的,徐公,相比,谁,美,？
我,和,城北徐公,相比,谁,更,美
我,和,城北,的,徐美比,谁,美,？
我,与,城北徐公,相比,，,谁,更,美,呢,？
我,和,城北徐公,比,谁,美,？
我,和,城北,的,徐,公比,谁,美,？
我,与,城北徐公,相比,谁,美,？
我,和,城北徐公,谁,更,美,？
我,与,城北徐公,相比,谁,美,？
我,和,城北徐公,谁,最美,！
我,与,城北,的,徐公,谁,美,？
我,与,城北,的,徐公,谁,美
我,与,城北,的,徐公,相比,谁,更,美,？
我,与,城北徐公,比,谁,美,？
我,和,城北徐公,相比,谁,更,美,？
我,与,城北,的,徐公,相比,谁,更,美,。
我,与,城北徐公,比,谁,更,美,？
我,与,城北,的,徐公,谁,更,美,？
我,和,城北,的,徐公,相比,，,谁,更,美
我,和,城北,的,徐,公比,谁,美,？
我,和,城北徐公,比,谁,美,？
我,与,城北,的,徐公,相比,谁,美
我,与,城北徐公,比,谁,美,？
我,和,城北,的,徐公,相比,谁,美
我,与,城北,的,徐,公比,谁,美,？
我,与,城北徐公,谁,更,美,？
我,与,城北徐公,相比,，,哪,一个,美,？
我,和,城北,的,徐公,谁,美,。
我,和,城北,的,徐公,谁,美,？
我,与,城北徐公,谁,美
我,和,城北徐公,谁,美,？
我,和,城北徐公,谁,更,美,？
我,和,城北徐公,谁,美,？
我,与,城北,的,徐公,谁,更,美,？
我,与,城北徐公,比,，,谁,美,？
我,与,城北徐公,谁,美,？
我,和,城北,的,徐公,（,相比,）,，,谁,美,？
我,和,城北,的,徐,公比,起来,谁,美,？
我,和,城北徐公,谁,美,？
我,和,城北,的,徐公,相比,，,哪,一个,更美,？
我,与,城北徐公,相比,，,谁,更,美,？
我,与,城北徐公,谁,美,？
我,和,城北,的,徐公,谁,美
我,与,城北,的,徐公,谁,更,美,一些,？
我,与,城比,徐,公比,谁,美,？
我,与,城北徐公,相比,谁,更,美,？
我,与,城北徐公,谁,更,美,？
我,和,城北,的,徐公,谁,更,美,？
我,与,城北徐公,比,，,谁,美,？
我,与,城北徐公,谁,美,？
我,和,城北徐公,相比,谁,美,？
我,与,城北徐公,谁,美,？
我,与,城北徐公,比,，,谁,更,美,？
我,与,城北,的,徐公,谁,更,美,？
我,和,城北,的,徐,公比,谁,更,美,？
我,和,城北,的,徐,公比,谁,美,？
我,与,城北徐公,相比,谁,美,？
我,与,城北徐公,相比,谁,美,？
我,与,城北,的,徐公,相比,谁,更,美,？
我,和,城北,的,徐公,谁,美
我,与,城北,（,的,）,徐公,谁,美丽,？
我,和,城北,的,徐公,谁,更,美,？
我,和,徐公,谁,更,美
我,与,城北,的,徐公,谁,美,？
我,与,城北,的,徐,公比,谁,更,美,？
我,和,城北徐公,谁,更,美,？
我,与,城北徐公,谁,美,？
我,与,城北,的,城北,的,徐,公比,谁,更,美,？
我,和,城北,的,徐公,谁,美,？
我,与,城北,的,徐公,谁,美,？
我,与,城北徐公,谁,美
我,和,城北,的,徐公,谁,更,美,？
我,和,城北,的,徐公,相比,，,谁,更,美,？
我,和,城北,的,徐公,谁,美,？
我,与,城北,的,徐,公比,谁,更,美,？
我,与,城北徐公,相比,谁,美,？
我,与,城北,徐美,谁,好看,？
我,和,城北,的,徐,公比,谁,美,？
我,和,城北徐公,谁,美,？
我,和,城北徐公,谁,美,？
我,与,城北徐公,谁,美,？
我,与,城北徐公,谁,美,？
我,与,徐,公比,，,谁,美,？
我,与,城北,徐工,那个,美,？
我,和,城北徐公,哪,一个,更美,呢,？
我,与,城北徐公,谁,美,？
我,与,城北徐公,比, ,，,谁,美,？
我,与,城北徐公,谁,更,美,？
我,与,城北,的,徐公,相比,，,谁,更,美,？
我,和,城北徐公,谁,美,？
我,和,城北徐公,谁,更,美,？
我,与,城北,的,徐,公比,，,谁,更加,美丽
我,与,城北,的,徐公,谁,更,美,？
我,和,城北,的,徐公,谁,更,美,？
我,和,城北徐公,谁,更,美,。
我,和,城北,边,的,徐公,谁,美,？
我,和,城北,的,徐公,谁,更,美,。
我,与,城北徐公,谁,美,？
我,与,城北徐公,谁,美,？
我,和,城北徐公,谁,美,？
我,和,城北,的,徐,公比,，,谁,更,美,？
我,和,城北,的,徐公,谁,更,美,？
我,和,城北,的,徐公,相比,谁,美,？
我,和,城北徐公,谁,美,？
我,和,城北,的,徐公,谁,美,。
我,与,城北徐公,谁,美
我,与,城北,的,徐公,谁,更,美,？
我,和,城北,的,徐公,谁,美,？
我,与,城北徐公,相比,谁,美
我,与,城北,的,徐,公比,谁,更,美,？
我,与,城北,的,徐,公比,谁,美,。
我,和,城北,的,徐公,哪个,美,？
我,与,城北徐公,谁,美,？
我,与,城北徐公,比,谁,更,美,？
我,与,城北徐公,比,谁,美,？
我,与,城北,的,徐,公比,谁,更,美,。
我,与,城北,的,徐公,相比,哪,一个,美,？
我,与,城北徐公,谁,美,？
我,与,城北,的,徐,公比,哪个,美,？
我,和,城北徐公,比,谁,美,。
我,与,城北,的,许,公比,谁,更,美
我,与,城北,的,徐公,谁,更,美,？
我,和,城北徐公,谁,美,？
我,和,城北徐公,比,谁,更,漂亮,？
我同,城北徐公,相比,，,谁,美,？
我,跟,北城,的,徐公,谁,更好,看,？
我,和,城北,的,徐,公比,谁,更,美,呢,？
我,和,城北,的,徐公,谁,漂亮
我,和,城北,的,徐公,谁,更,美
我,和,城北徐公,相比,谁,美,？
我,和,城北徐公,谁,美,？
我,和,城北徐公,谁,更,美,？
我,与,城北,的,徐公,谁,美,？
我,与,城北徐公,谁,美,？
我,和,城北,的,徐公,谁,美,？
我,和,城北,的,徐公,谁,更,美
我美,还是,城北,的,徐公美
我,和,城北,的,徐公,谁,更,美,？
我,与,城北徐公,谁,美,？
我,和,城北,的,徐公,谁,美,？
我,和,城北,的,徐公,谁,更,美,？
我,和,城北,的,徐公,谁,更,美
我,和,城北,的,徐公,相比,谁,更,美,？
我,与,城北,的,徐公,相比,，,谁,更,美丽,？
我,和,城北徐公,比,谁,美,？
我,与,城北徐公,谁,美,？
我,与,城北,的,徐公,谁,美,？
我,和,城北徐公,谁,美
我,与,城北,的,徐公,谁,更,美,？
我,和,城北,的,徐,公比,，,谁,更,漂亮,？
我,与,城北,的,徐,公比,谁,更,美,？
我,和,城北,的,徐公,相比,，,谁,更,美,？
我,与,城北,的,徐公,谁,美,？
我,与,城北徐公,谁,更,美,？
我,与,城北,的,徐,公比,谁,美,？
我,与,城北,的,徐公,谁,更,美,？
我,与,城北,的,徐公,相比,谁,美,？
我,与,城北,的,徐公,相比,，,谁,美,？
我,和,徐,公比,谁,美,？
我,和,城北徐公,谁,美,？
我,与,城北徐公,比,谁,美,？
我,与,城北,的,徐,公比,谁,更,漂亮,？
我,和,城北徐公,谁,美,？
我,和,徐,公比,谁,更,美,？
我,与,城北,的,徐公,相比,，,谁,更,美,？
我,与,城北,的,徐公,谁,美,？
我,与,城北,的,徐公,谁,更,漂亮
我,与,城北徐公,比,，,哪个,更美,？
我,与,城北,的,徐公,谁,美,？
我,和,城北,的,徐公,谁,美,？
我,与,城北徐公,谁,美,？
我,和,城北,的,徐,公比,谁,美
我,和,城北徐公,谁,美,？
我,与,城北徐公,谁,美,？
我,与,城北,的,徐公,相比,，,谁,更,美,？
我,与,城北,的,徐公,相比,谁,更,美,？
我,与,城北,的,徐公,相比,谁,美,？
我,和,城北徐公,谁,更,美,？
我,和,城北,的,徐公,谁,更,美,？
我,与,城北徐公,相比,谁,美,？
我,与,城北,的,徐公,谁,美,？
我,与,城北徐公,谁,美,？
我,与,城北,的,徐,公比,谁,更,美,？
我,和,城北,的,徐公,相比,谁,更,美,？
我,和,城北徐公,相比,哪,一个,更美,。
我,与,城北,的,徐,公比,，,谁,更,漂亮,？
我,与,城北,的,徐公,谁,更,美,？
我,与,城北,的,徐公,相比,谁,更,美,？
我,和,城北徐公,谁,美,。
我,与,城北徐公,谁,美,？
我,和,城北,的,徐公,谁,美,？
我,与,城北徐公,谁,美,？
我,与,城北,的,徐公,谁,更,美,？
我,与,城北,的,徐公,谁,美
我,和,城北,的,徐公,谁,美,？
我,与,城北徐公,谁,美,？
我,与,城北徐公,谁,美,？
我,和,城北,的,徐公,相比,那个,更美,？
我,城北,的,徐公,相比,谁,更,美丽,？
我,与,城北,的,徐公,谁,更,美,一些,？
我,与,城北徐公,相比,谁,美,？
我,和,城北,的,徐公,谁,美,？
我,和,城北,的,徐,公比,谁,美,？
我,与,城北徐公,谁,美,？
小妾,比,徐公,好看
我,与,城北徐公,相比,谁,更,美,？
我,与,城北徐公,谁,美,？
我,和,城北徐公,比,谁,美,？
我,与,城北,的,徐公,谁,美,？
我,和,城北,的,徐公,谁,美,？
我,和,城北,的,徐,公比,谁,更,美,？
我,与,城北徐公,谁,美,？
我,与,城北,的,徐公,谁,美,？
我,与,城北徐公,谁,更,美,？
我,与,城北徐公,谁,美,？
我,与,城北徐公,谁,美
我,与,城北,的,徐,公比,，,谁,美,？
我,与,城北徐公,比,谁,美,？
我,和,地北,的,徐,公比,谁,更,美,？
我,和,城北徐公,比,，,谁,更,美,呢,？
我,与,城北徐公,相比,谁,更,美,？
我,与,城北徐公,谁,美,？
我,与,城北,的,徐公,相比,，,谁,美,？
我,与,城北,的,徐公,谁,美,？
我,与,城北徐公,相比,谁,美,？
我,与,城北,的,徐公,相比,谁,更,美,？
我,与,城北徐公,比,，,谁,美,？
我,与,城北,的,徐公,谁,美,？
我,和,城北,的,徐公,谁,美,？
我,与,城北,的,徐公,谁,美,？
我,与,城北徐公,谁,美,？
我,与,城北徐公,相比,谁,美,？
我,和,城北,的,徐,公比,谁,美,？
我,和,城北,的,徐,公比,谁,美,？
我,和,城北徐公,谁,更,美
我,与,城北徐公,谁,美,？
我,和,城北,的,徐,公比,谁,更,美,？
我,与,城北,的,徐公,谁,更,美,？
我,与,城北徐公,比,谁,美,？
我,和,城北,的,徐公,相比,，,谁,美,？
我,与,城北徐公,谁,美,？
我,与,城北徐公,谁,美,？
我,和,城北,的,徐,公比,谁,美,？
我,与,城北徐公,比,谁,美,？
我,和,城北,的,徐,公比,谁,美,。
我,和,城北,的,徐公,谁,更,美,呢,？
我,和,徐公,谁,更,漂亮
我,与,城北,的,徐公,谁,美,？
我,与,城北,的,徐公,相比,谁,美,？
我,与,城北,的,徐,公比,，,谁,美,？
我,和,城北,的,徐公,谁,美,？
我,与,城北徐公,谁,美,？
我,与,城北徐公,谁,美,？
我,与,城北,的,徐公,谁,更,美,？
我,和,城北徐公,谁,美,。
我,与,城北徐公,比,谁,美,？
我,与,城北徐公,比,谁,更,美,？
我,与,城北徐公,比,，,谁,更,美,？
我,与,城北徐公,相比,谁,美,？
我,跟,城北,的,徐公,谁,美,。
我,和,城北徐公,相比,谁,更,美,？
我,与,城北,的,徐公,谁,美,？
我,与,城北徐公,谁,美,？
我,和,城北徐公,谁,美,？
我,与,城北徐公,谁,美,？
我,与,城北,的,徐,公比,谁,美,？
我,与,城北徐公,谁,美,？
我,与,城北徐公,谁,更,俊美,些,？
我,和,城北,的,徐公,谁,美,。
我,与,城北,的,徐公,谁,美,？
我,和,城北,的,徐公,谁,美,？
我,与,徐公,谁,美,？
我,与,城北徐公,比,，,谁,更,美,？
我,与,城北徐公,比,谁,更,美,？
我,与,城北徐公,谁,更,美,？
我,和,徐公,谁,最美,？
我,与,城北徐公,相比,谁,美,？
我,和,城北,的,徐公,相比,谁,更,美
我,与,城北徐公,相比,谁,美,？
我,与,城北,的,徐公,谁,美,？
我,和,城北徐公,谁,美,？
我,和,城北,的,徐公,谁,比较,漂亮,。
我,与,城北徐公,相比,谁,美,？
我,与,城北徐公,谁,美,？
我,与,城北徐公,谁,美,？
我,和,城北,的,徐公,谁,美,？
我,与,城北,的,徐公,谁,美,？
我,与,城北徐公,谁,美
我,和,城北,的,徐公,谁,美,。
我,与,城北徐公,相比,谁,更,美,？
我,与,城北,的,徐公,谁,更,美丽,？
我,和,城北,的,徐,公比,谁,更,美,？
我,与,城北徐公,相比,谁,更,美,？
我,和,城北徐公,谁,美,？
我,与,城北,的,徐公,谁,美,？
我,和,城北徐公,比,，,谁,更,美,呢,！
我,与,城北徐公,谁,美,？
我,与,城北徐公,谁,美
我,与,城北,的,徐,公比,起来,，,谁,更,美
我,和,城北徐公,谁,美
我,和,城北,的,徐公,，,哪个,更美
我,和,城北徐公,谁,美
我,与,城北,的,许,公比,谁,美,？
我,和,城北,的,徐公,谁,漂亮,？
我,和,城北,的,徐公,哪,一个,美丽
我,与,城北,的,徐公,谁,美,？
我,跟,城北徐公,比,谁,美,？
我,与,城北徐公,相比,谁,美,？
我,与,徐,公比,谁,美
我,和,城北,的,徐公,谁,更,美,？
我,与,城北,的,徐公,谁,美,？
我,和,城北,的,徐,公比,谁,更,美,？
我,与,城北,的,徐公,谁,美,？
我,与,城北徐公,谁,更,美,？
我,和,城北,的,徐公,谁,美
我,与,城北徐公,相比,，,谁,更,美,？
我,和,城北,的,徐公,谁,美,？
我,和,城北徐公,比,谁,美,？
我,与,城北徐公,谁,更,美,？
我,与,城北,的,徐公,谁,美,？
我,与,城北,的,徐公,谁,美,？
我,和,城北徐公,谁,美,？
我,和,城北徐公,谁,美,？
我,和,城北徐公,谁,美,？
我,和,城北徐公,谁,美
我,和,城北徐公,谁,美,？
我,与,城北,的,徐,公比,谁,漂亮,？
我,和,城北,的,徐公,相比,，,谁,美,？
我,和,城北,边,的,徐公,谁,更,美,？
我,和,城北徐公,谁,美,？
我,和,城北徐公,谁,美,？
我,和,城北,的,徐,公比,起来,谁,更,美丽,。
我,和,城北徐公,谁,美
我,与,城北徐公,谁,美,？
我,与,城北徐公,谁,美,？
我,与,城北徐公,比,谁,美,？
我,与,城北,的,徐公,相比,，,谁,更,美,？
我,与,城北,的,徐公,谁,美,？
我,与,徐公,相比,谁,更,美,？
我,与,城北,的,徐,公比,，,哪,一个,更美,。
我,与,城北徐公,相比,谁,美,？
我,与,城北徐公,相比,谁,美,？
我,和,城北,的,徐公,谁,美,？
我,和,城北,的,徐公,谁,更,美,？
我,与,城北,的,徐公,相比,谁,更,美,？
我,和,城北,的,徐,公比,谁,美,？
我,与,城北,的,徐公,谁,更,美,.
我,和,徐公,相比,谁,美,？
我,与,城北徐公,比,谁,美,。
我,和,城北徐公,比,谁,美,？
我,和,城北徐公,比,谁,美,？
我,和,城北,的,徐公,谁,更,美,？
我,与,城北,的,徐公,谁,美,？
我,和,城北,的,徐,公比,谁,更,美,？
我,和,徐公,谁,更,美
我,和,城北徐公,谁,更,美,？
我,和,城,徐公,谁,美
我,和,城北徐公,谁,美,？
我,和,城北徐公,谁,美
我,与,城北,的,徐公,相比,，,谁,更,美,？
我,与,城北,地,徐公,谁,美,？
我,和,城北,的,徐公,相比,谁,更,美,？
我,和,城北,的,徐公,谁,美,？
我,和,城北,的,徐公,谁,更,美
我,和,城北徐公,谁,更,美
我,与,城北,的,徐公,谁,美
我,与,城北徐公,相比,谁,更,美,？
我,与,城北,的,徐公,相比,谁,更,美,？
我,和,城北徐公,谁,更,美
我,和,城北,的,徐公,谁,美,？
我,和,城北徐公,比,谁,美,？
我,和,城北,的,徐公,谁,美,？
我,和,城北,的,徐公,谁,美,？
我,和,城北,的,徐,公比,谁,美,？
我,和,城北,的,徐,公比,谁,美,？
我,和,城北,的,徐公,谁,美,？
我,与,城北,的,徐公,相比,，,谁,更,美,？
我,和,城北,的,徐公,谁,美
我,与,城北,的,徐公,谁,美
我,与,城北,的,徐公,谁,美
我,和,城北徐公,相比,谁,更,美,？
我,与,城北,的,徐公,谁,美
我,与,城北,的,徐公,谁,更,美,？
我,与,城北,的,徐公,谁,美
我,与,城北徐公,谁,更,美
我,与,城北徐公,相比,谁,美,？
我,与,城北徐公,谁,更,美
我,与,城北徐公,谁,美
我,和,城北,的,徐公,谁,美
我,与,城北徐公,相比,哪,一个,美,？
我,与,城北徐公,谁,美,？
我,和,城北,的,徐公,谁,美
我,和,城北,的,徐公,谁,美
我,和,城北徐公,比,谁,美,？
我,和,城北,的,徐公,谁,更,漂亮,？
我,与,城北,的,徐公,谁,美,？
我,和,城北徐公,谁,美,！
我,与,城北,的,徐公,相比,，,谁,美
我,与,城北徐公,比,谁,美,。
我,与,城北,的,徐公,相比,谁,更,美,？
我,与,城北徐公,相比,谁,美,？
我,与,城北,的,徐公,相比,谁,美,？
我,与,城北徐公,比,谁,美,？
我,与,城北徐公,谁,美,？
我,和,城北,的,徐公,谁,美,？
我,与,城北徐公,比,谁,美丽,。
我,与,城北徐公,相比,，,谁,更,美,？
我,和,城北,的,徐公,谁,更,美,？
我,与,城北,的,徐,公比,谁,更,漂亮
我,和,城北,的,徐公,谁,美
我,与,徐公,相比,谁,更,美,？
我,和,城北,的,徐公,谁,美
我,和,城北,的,徐,公比,谁,更,美,？
我,与,城北徐公,谁,美
我,与,城北,的,徐,公比,，,谁,更,美,？
我,与,城北,的,徐,公比,，,谁,美,？
我,和,城北,的,徐公,谁,美,？
我,与,城北,的,徐公,谁,美,？
我,与,城北,的,徐公,相比,谁,更,漂亮,？
我,和,城北,的,徐,公比,谁,美
我,和,城北徐公,谁,美
我,与,城北徐公,相比,谁,美,？
我同,城北徐公,相比,谁,美,？
我同,城北徐公,比,谁,美,？
我,与,城比,徐公,相比,谁,更,美,？
我,与,城北徐公,相比,谁,更,美,？
我,和,城北,的,徐,公比,，,谁,更,美,。
我,与,城北徐公,谁,美
我,与,城北,的,徐公,谁,美,？
我,和,城北,的,徐公,相比,，,谁,更,美,？
我,与,城北徐公,谁,美,？
我,和,城北,的,徐公,谁,美
我,和,城北徐公,比,谁,更,美,？
我,与,城北徐公,谁,美,？
我,与,城北徐公,谁,美,？
我,与,城北徐公,谁,美,？
我,与,城北,的,徐公,相比,谁,更,美,？
我,与,城北徐公,谁,美,？
我,与,城北徐公,谁,美,？
我,与,城北徐公,谁,美,？
我,和,城北,的,徐公,谁,更,美,？
我,与,城北,的,徐公,相比,，,谁,更,美,？
我,与,城北,的,徐,公比,谁,美
我,和,城北徐公,相比,谁,美,？
我,和,城北,的,徐公,相比,谁,更,美,？
我,和,城北,的,徐公,谁,美,？
我,和,城北,的,徐公,谁,美,？
我,和,城北,的,徐,公比,谁,更,美,？
我,与,城北,的,徐公,谁,更,美,呢,？
我,和,城北,的,徐公,，,谁,美,？
我,和,城北,的,徐,公比,谁,更,美,？
我,和,城北徐公,比,，,谁,更,美,？
我,和,城北,的,徐公,谁,美,？
我,与,城北,的,徐,公比,谁,更,美,？
我,和,城北徐公,相比,谁,美,？
我,与,城北,的,徐公,谁,更好,看,？
我,和,城北,的,徐公,谁,美,？
我,和,城北徐公,谁,美,？
我,与,城北,的,徐公,谁,更,美,？
我,与,城北徐公,谁,更,美丽,一些,。
我,和,城北,的,徐公,谁,美,？
我,与,城北徐公,谁,美,？
我,和,城北徐公,谁,更,美,？
我,与,城北,的,徐,公比,谁,美
我,与,城北徐公,谁,美,？
我,与,城北,的,徐公,相比,谁,更,美,？
我,与,城北徐公,相比,谁,美,？
我,与,城北徐公,谁,美,？
我,与,城北,的,徐公,谁,更,美,？
我,与,成北,徐公,谁,更,美,？
我,和,城北徐公,比,，,谁,美,？
我,和,城北,的,徐公,谁,美,？
我,和,城北,的,徐,公比,谁,更,美,？
我,和,城北,的,徐公,谁,美,？
我,与,城北,的,徐公,谁,美,？
我,和,城北徐公,谁,美,？
我,与,城北,的,徐公,谁,美,？
我,与,城北,的,徐公,相比,谁,美,？
我,与,城北,的,徐,公比,谁,美,？
我,和,城北,的,徐公,相比,谁,更好,看,？
我,和,诚北,的,徐公,谁,更,美,？
大臣,官吏,和,百姓,，,能,当面,指责,我,的,过错,的,人,，,给予,上,等,获赏
我,与,城北徐公,相比,，,谁,美,？
我,和,城北,的,徐公,谁,美,？
我,与,城北徐公,谁,美,。
我,与,城北徐公,谁,美,？
我,和,城北,的,徐,公比,，,谁,更,美,？
我,与,城北徐公,比,谁,更,美,？
我,与,城北,的,徐,公比,谁,美
我,与,城北,的,徐公,谁,更,美,？
我,与,城北,的,徐公,谁,美,？
我,和,城北徐公,比,，,谁,更,美,？
我,与,城北徐公,比,谁,美,？
我,（,邹忌,）,与,城北徐公,相比,谁,更,美,？
我,与,城北,的,徐公,谁,美,？
我,和,城北,的,徐,公比,谁,更帅,？
我,和,城北徐公,比,，,谁,美,？
我,和,城北徐公,谁,美,？
我,和,城北,的,徐公,谁,美,？
我,和,城北,的,徐公,，,谁,美,？
我,和,城北,的,徐,公比,谁,美,？
我,与,城北,的,徐公,谁,美,？
我,怎么,可以,和,徐公,比美,呢,？
我,与,城北徐公,谁,美,？
我,与,城北徐公,比,谁,美,？
我,与,城北徐公,相比,，,谁,更,美,？
我,和,城北,的,徐,公比,谁,更,漂亮,？
我,与,城北徐公,相比,谁,美,？
我,和,城北徐公,谁,美,？
我,与,城北,的,徐,公比,谁,更,美,？
我,与,城北,的,徐公,谁,更,美,。
我,和,城北,的,徐公,相比,，,谁,美,？
我,与,城北徐公,相比,谁,美,？
我,和,城北徐公,比,，,谁,美,？
我,和,城北徐公,谁,更,美,？
我,与,城北徐公,谁,美
我,跟,城北徐公,比,谁,美
我,和,城北徐公,谁,美,。
我,和,城北,的,徐公,谁,更,美,。
我,和,城北徐公,比,谁,美,？
我,与,城北徐公,谁,美,？
我,和,城北徐公,谁,美,。
我,和,城北徐公,相比,谁,更,美,。
我,与,城北,的,徐公,谁,更,美,？
我,与,城北徐公,相比,谁,美,？
我,与,城北,的,徐公,相比,谁,更,美,？
我,与,城北徐公,相比,，,谁,更,美,？
我,与,城北,的,徐公,谁,美,？
我,和,城北,的,徐公,相比,谁,更,美,？
我,与,城北徐公,谁,更,美,。
我,和,城北,的,谁,美,？
我,与,城北徐公,比,谁,美,？
我,和,城北徐公,相比,，,谁,更,美,？
我,也,城北徐公,谁,美,？
我,和,城北,的,徐公,谁,更,美,？
我,与,城北,的,徐公,谁,美,？
我,和,城北,的,徐公,谁,更,美,？
我,和,城北徐公,比,谁,美,？
我,与,城北徐公,比,谁,美,？
我,与,城北,的,徐公,相比,谁,更,漂亮,？
我,与,城北,的,徐公,谁,美,？
我,与,城北,的,徐,公比,谁,更,美,。
我,和,城北徐公,谁,美,。
我,与,城北徐公,谁,美,？
我,与,城北,的,徐公,谁,美,？
我,与,城北徐公,谁,美,？
我,与,城北,的,徐公,谁,更,美,？
我,与,城北徐公,相比,谁,更,美,？
我,与,城北,的,徐公,谁,美,？
我,与,城北,的,徐公,谁,美,？
我,与,城北徐公,哪个,美,？
我,和,城北徐公,相比,谁,美,？
我同,城北徐公,相比,，,谁,更,美,？
我,与,城北,的,徐公,相比,，,谁,更,美,？
我,与,城北徐公,谁,美,？
我,与,城北徐公,比,谁,更,美,？
我,与,城北徐公,相比,谁,美,？
我,与,城北,的,徐公,谁,更,美
我,与,城北徐公,谁,美,？
我,和,城北徐公,比,谁,更,美,？
我,和,城北,的,徐公,谁,美,？
我,与,城北,的,徐,公比,，,谁,更,漂亮,。
我,与,城北,的,徐公,谁,美,？
我,与,城北,的,徐公,谁,美,？
我,和,城北徐公,谁,美,？
我,和,谁,在,城北,的,徐公,谁,更,美
我,和,城北,的,徐公,相比,谁,美,？
我,和,城北徐公,比,谁,美,？
我,与,城北徐公,相比,谁,更,美,？
我,与,城北徐公,比,谁,美,？
我,也,城北,的,徐,公比,谁,美
我,和,徐公,相比,谁,美,？
我,和,城北,的,徐公,谁,美,？
我,与,城,美的,徐公,谁,美
我,也,城北,的,徐公,相比,哪个,美丽,？
我,和,城北,的,徐,公比,谁,美,？
我,和,城北徐公,谁,美,？
我,与,城北,的,徐公,相比,，,谁,更,漂亮,？
我,和,城北徐公,谁,美,？
我同,城北徐公,谁,美,？
我,与,徐,公比,谁,更,美
我,和,城北,的,徐公,谁,美,？
我,和,城北,的,徐,公比,谁,更,美,？
我,也,城北徐公,谁,美,？
我,与,城北徐公,谁,美,？
我,和,城北,的,徐公,谁,帅气,啊,？
我,与,城北,的,徐公,谁,更,美,？
我,与,城北徐公,谁,美,？
我,也,城北徐公,谁,美,？
我,和,城北徐公,哪个,美,？
我,和,城北徐公,比,谁,更,美
我,与,城北徐公,谁,美,。
我,和,城北徐公,比,，,谁,更,美,？
我,与,城,的,徐公,谁,美,？
我,与,城北,的,徐公,相比,，,谁,更,美,？
我,和,城北,的,徐,公比,，,谁,更,美,？
我,与,城北徐公,比,谁,更,美,？
我,与,城,美的,徐公,相比,，,谁,好看,？
我,和,城北徐公,谁,美,？
我同,城北徐公,比,谁,美,？
我,与,城北徐公,比,谁,更,美,？
我,与,城北徐公,谁,美
我,与,城北,的,徐公,谁,美,？
我同,城北徐公,相比,，,谁,美,？
我,与,城北徐公,相比,谁,美,？
我,与,城北徐公,比,谁,美,？
我,与,城北徐公,谁,更,美,？
我,与,城北,的,徐,公比,谁,美,？
我,与,城北,的,徐公,谁,美,？
我,与,城北,的,徐公,谁,更,美,？
我,与,城北,的,徐公,谁,美,？
我,与,城北徐公,谁,美,？
我,和,城北徐公,比,谁,更,美,。
我,和,城北,的,徐公,谁,美,？
我,与,城北徐公,比,，,谁,美,？
我,与,城北徐公,相比,谁,更,美,？
我,与,城北徐公,比,谁,更,美,？
我同,城北徐公,相比,谁,美,？
我,与,城北,的,徐公,谁,更,美,。
我,与,城北徐公,比,谁,更,美
我,与,城北,的,徐公,谁,美,？
我,与,城北徐公,相比,，,谁,美,？
我,和,城北徐公,谁,美,？
我,和,城北,的,徐公,谁,美,？
我,和,城北,的,徐,公比,谁,美,。
我,与,城北徐公,谁,美,？
我,和,城北,的,徐,公比,谁,美,？
我,和,城北徐公,谁,美
我,与,城北,的,徐,公比,谁,美,？
我,与,城北,的,徐公,谁,美,？
我,与,城北徐公,比,起来,谁,美,？
我,与,城北徐公,谁,美,？
我,与,城北徐公,比,，,谁,美,？
我,与,城北徐公,比,，,谁,美,？
我,和,城北徐公,谁,美,？
我,与,城北,的,徐,公比,谁,更,美,。
我,与,城北徐公,谁,美,？
我,与,城北,的,徐公,相比,谁,美,？
我,与,城北,的,徐公,谁,美,？
我,和,城北徐公,谁,美
我,和,城北徐公,谁,美,？
我,和,徐公,相比,，,谁,美,？
我,和,城北徐公,相比,谁,更,美,？
我,和,城北徐公,相比,谁,更,美,？
我,与,城北徐公,谁,美,？
我,与,城北,的,徐公,相比,谁,美,？
我,与,徐,公比,谁,更,美,？
我,和,城北徐公,谁,美,？
我,与,城北,的,徐公,谁,美,？
我,和,城北徐公,谁,美,？
我,与,城北徐公,，,谁,美,？
我,和,城北徐公,谁,更,漂亮
我,和,城北徐公,谁,美,？
我,和,城北徐公,谁,美
我,和,城北徐公,谁,美
我,和,城北徐公,谁,美
我,与,城北徐公,相比,谁,美,？
我,与,城北,的,徐公,谁,美,？
我,与,城北徐公,相比,，,谁,更,美,？
我,跟,城北徐公,比,，,谁,更,美,？
我,与,城北,的,徐公,谁,美,？
我,和,城北徐公,比,谁,美,？
我同,城北徐公,比,谁,美,？
我,和,城北徐公,谁,美
我同,城北徐公,相比,，,谁,美,？
我,与,徐,公比,，,谁,美,？
我同,城北徐公,比,谁,美
我,跟,徐,公比,谁,更,漂亮,？
我,和,城北,的,徐,公比,谁,美,？
我,和,城北徐公,谁,更,美,。
我,与,城北,的,徐公,谁,美
我个,城北,的,徐,公比,，,谁,美,？
我,与,城北徐公,谁,美,？
我,跟,城北徐公,比,谁,美,？
我,与,城北徐公,谁,美
我,与,城北徐公,相比,谁,更,美
我,与,城北徐公,谁,美
我,与,徐公,谁,美,？
我,与,城北徐公,美,谁,美,？
我,与,城北徐公,谁,美
我,和,城北徐公,谁,更,美,？
我,与,城北徐公,谁,美,？
我,与,城北徐公,相比,谁,美,？
我,和,城北,的,徐公,哪个,更美
我,与,城北,的,徐公,谁,美,？
我,与,城北徐公,谁,美,？
我,与,城北,的,徐公,谁,更,美,？
我,与,城北徐公,相比,，,谁,更,美,？
我,和,城北,的,徐,公比,，,谁,美,？
我,和,城北,的,徐,公比,谁,更,美,？
我,和,城北徐公,谁,美,？
我,与,城北,的,徐,公比,谁,更,美,？
我,和,城北徐公,比,谁,更,美丽,？
我,与,城北徐公,像,比,，,谁,更,美,。
我,和,城北,的,徐公,谁,比较,美,？
我,与,城北,的,徐公,相比,谁,更,美,？
我,和,城北,的,徐,公比,谁,更,美,。
我,与,城北,的,徐,公比,谁,美,？
我,与,城北,的,徐,公比,谁,美
我,和,城北徐公,比,谁,美,？
我,和,城北徐公,相比,，,谁,更,美,？
我,和,城北徐公,比,谁,美,？
我,与,城北,的,徐,公比,谁,美,？
我,与,城北徐公,谁,美,？
我,和,城北徐公,谁,美
我,和,城北徐公,谁,美
我,跟,城北,的,徐公,谁,美,？
我,和,城北,的,徐公,谁,更,漂亮
我,与,城北徐公,美,谁,比较,美
我,和,徐公,相比,，,谁,更,美,？
我,与,城北徐公,相比,，,哪,一个,美,？
我,和,城北,的,徐,公比,谁,美,？
我,和,城北,的,徐,公比,谁,更,美,？
我,和,城北徐公,比,谁,美,？
我,与,城北徐公,谁,美,？
我,与,城北,的,徐,公比,，,谁,美,？
我,和,徐,公比,谁,美,？
我,与,城北徐公,谁,美,？
我,与,城北徐公,相比,谁,美,？
我,和,城北,的,徐,谁,美,。
我,和,城北徐公,谁,美,？
我,和,城北徐公,比相,谁,美,？
我,和,城北徐公,谁,美,？
我,与,城北,的,徐,公比,，,谁,更,美,？
我,和,城北徐公,相比,谁,美,？
我,和,城北,的,徐公,谁,美,？
我,和,城北,的,徐,公比,谁,美,？
我,与,城北徐公,谁,美,？
我,和,城北徐公,比,，,谁,美,？
我,和,城北徐公,比,，,谁,美,？
我,与,城北徐公,谁,美
我,与,城北,的,徐公,相比,谁,美
我,与,城北徐公,比,谁,美,？
我,与,城北徐公,谁,美
我,和,城北徐公,比,谁,美,？
我,与,城北徐公,谁,美,？
我,和,城北,的,徐,公比,谁,美
我,和,城北徐公,相比,谁,美
我,与,城北,的,徐公,相比,谁,美,？
我,和,城北,的,徐,公比,谁,美,？
我,和,城北,的,徐,公比,，,谁,美,？
我,和,城北,的,徐公,谁,更,美,？
我,与,城北徐公,谁,美,？
我,和,城北徐公,比,谁,美,？
我,和,城北徐公,比,谁,更,美,？
我,和,城北徐公,谁,美,？
我,与,城北徐公,谁,美
我,和,城北,的,徐,公相,谁,漂亮,？
我同,城北,的,徐,相公,比,谁,美,？
我,与,城北徐公,谁,更,美丽,呢,？
我,与,城北,的,徐公,谁,美,？
我,与,城北,的,徐公,谁,更,漂亮,？
我,和,城北,的,徐,公比,，,谁,更,漂亮,呢,？
我,和,城北,的,徐公,谁,美,？
我,与,城北,的,徐公,相比,谁,美,？
我,与,徐公,相比,谁,更,美,？
我,与,城北徐公,相比,谁,美
我,和,城北,的,徐,公比,谁,美,？
谁,更,美丽,。
我,和,城北,的,徐,公比,谁,漂亮,？
我,和,城北,的,徐公,谁,美,？
我,（,邹忌,）,和,城北,的,徐公,谁,美,？
我,与,城北徐公,相比,，,谁,更,美,？
我,与,城北,的,徐公,谁,美,？
我,与,城北,的,徐公,谁,美,？
我,和,城北徐公,谁,美,？
我,与,城北徐公,相比,，,谁,美,？
我,与,城北徐公,谁,美,？
我,和,城北徐公,谁,美,？
我,和,城北徐公,谁,美,？
我,与,城北徐公,谁,美
我,和,城北,徐会,那个,更美,？
我,与,城北,的,徐公,相比,谁,更,美
我,与,城北,的,徐公,谁,美,？
我,与,城北徐公,谁,美,？
我,和,城北徐公,谁,美,。
我,与,城北徐公,谁,更,漂亮,？
我,和,城北,的,徐,公比,谁,漂亮,？
我,与,城北,的,徐公,谁,美,？
我,与,城北徐公,比,谁,美,？
我,与,城北徐公,相比,谁,更,美,。
我,和,城北徐公,谁,更,美,？
我,和,城北徐公,比,谁,美,？
我,和,城北徐公,相比,谁,美,？
我,与,城北,的,徐,公比,，,谁,美,？
我,和,城北,的,徐公,谁,美,？
我,与,城北徐公,谁,美,？
我,和,城北,的,徐,公比,谁,更,美,？
我同,城北徐公,谁,更,美
我,与,城北徐公,谁,美,。
我,和,城北徐公,比,谁,更,美,？
我,和,城北徐公,相比,谁,更,美,？
我,与,城北徐公,谁,美,？
我同,城北徐公,相比,谁,美,？
我,与,城北徐公,谁,美,？
我,与,城北徐公,比,谁,美,？
我,与,城北徐公,谁,美,？
我,与,城北徐公,比,，,谁,更,美,？
我,和,城北,的,徐,公比,谁,美,？
我,和,城北徐公,比,谁,更,美
我,与,城北,的,徐公,相比,，,谁,更,美,？
我,和,城北,的,徐公,相比,谁,更,美,？
我,与,城北,的,徐公,谁,美,？
我,徐,公比,谁,美,？
我,与,城北,的,徐公,谁,美
我,与,城北徐公,比,谁,美,？
我,与,城北徐公,谁,更,美,？
我,和,城北,的,徐,公比,谁,美,？
我,和,城北,的,徐公,相比,谁,美,？
我,与,城北徐公,相比,，,谁,美,？
我,跟,城北徐公,谁,美,。
我,与,城北徐公,相比,，,谁,美,？
我,与,城北徐公,相比,谁,更,美,？
我,与,城北,的,徐,公比,谁,美,？
我,与,城北徐公,谁,美,。
我,和,城北,的,徐公,谁,美,。
我,和,城北,的,徐,公比,谁,美,。
我,与,城北徐公,谁,美,？
我,和,城北,的,徐公,相比,谁,美,啊,？
我,与,城北徐公,谁,美,？
我,与,城北徐公,谁,美,？
我,与,城北徐公,比,谁,美,？
我,和,城北,谁,更,美丽,。
我,与,城北,的,徐公,谁,美,？
我,与,徐公,谁,更,美,？
我,与,城北徐公,谁,更,美,？
我,与,城北徐公,相比,谁,美,？
我,和,城北徐公,比,，,哪个,更美,？
我,和,城北,的,徐,公比,谁,美,？
我,和,城北,的,徐公,谁,更,美,？
我,和,城北,的,徐,公比,谁,美,？
我,和,城北,的,徐公,谁,美,。
我,与,城北徐公,谁,更,美,。
我,和,城北,的,徐,公比,谁,更,美,？
我,与,城北徐公,相比,，,谁,美,？
我,和,城北徐公,哪个,更美,？
我,与,城北,的,徐公,谁,美,？
我,和,城北,的,徐公,相比,谁,美
我,和,城北徐公,比,谁,更,美,？
我,与,城北徐公,比,谁,美,？
我,与,城北,的,徐公,相比,谁,更,美,？
我,和,城北徐公,谁,美,？
我,和,徐公,谁,更,美,？
我,和,城北,的,徐,公比,谁,更,美
我,与,城北徐公,谁,美,？
我,与,城北徐公,谁,美,？
我,和,城北,的,徐公,谁,美,？
我,和,城北,的,徐,公比,谁,美
我,与,城北,的,徐公,相比,，,谁,更,美,呢,？
我,和,城北徐公,谁,美,？
我,和,城北,的,徐公,谁,更,美
我,和,城北徐公,相比,，,谁,更,美,？
我,和,城北徐公,比,谁,美,？
我,和,城北,的,徐公,谁,更,美,。
我,和,城北,的,徐公,谁,美,？
我,与,城北,的,徐公,谁,美,？
我,与,城北徐公,谁,美
我,和,城北,的,徐,公比,谁,美,？
我,和,城北徐公,比,谁,美,。
我,和,城北徐公,谁,美,？
我,与,城北,的,徐公,相比,，,谁,更,美,？
我,和,城北,的,徐公,谁,美
我,和,城北,的,徐公,谁,美,？
我,与,城北,的,徐公,谁,美
我,与,城北,的,徐公,谁,美,？
我,和,城北徐公,比,谁,美
我,与,城北,的,徐公,相比,，,谁,更,美,？
我,与,城北徐公,谁,美,？
我,和,城北徐公,比,，,谁,美,？
我,和,城北徐公,谁,更,美,。
我,与,城北,的,徐公,（,相比,）,谁,更,美,？
我,和,城北徐公,比,，,谁,美,？
我,和,城北,的,徐公,谁,更,美,？
我,与,城北徐公,谁,美丽,？
我,和,城北,的,徐公,谁,美,？
我,与,城北徐公,谁,美,？
我,与,城北,的,徐公,谁,美
我,与,城北徐公,比,谁,更,美,？
我,与,城北,的,徐公,谁,美,？
我,与,城北徐公,谁,美,？
我,与,城北,的,徐公,谁,美丽,？
我,和,城北,的,徐公,谁,更,美,？
我,与,城北,的,徐,公比,谁,更,美,？
我,和,城北,的,徐,公比,谁,美,？
我,与,城北,的,徐公,谁,美,？
我,和,城北,的,徐公,谁,美,？
我,与,城北,的,徐公,相比,，,谁,更,美,？
我,与,城北,的,徐公,相比,谁,更,美,？
我,和,城北徐公,谁,美,？
我,和,城北,的,徐公,相比,哪,一个,更美,？
我,和,城北,的,徐公,谁,更,美,？
我同,城北徐公,比,谁,美,？
我,和,城北,的,徐公,谁,更,美,？
我,和,城北徐公,比,谁,美,？
我,与,城北,的,徐公,相比,谁,更,美,？
我,与,城北徐公,比,，,谁,美,？
我,与,城北徐公,相比,谁,更,美
我同,城北徐公,比,谁,更,美,呢
我,与,城北,的,徐公,谁,美丽,。
我,与,城北,的,徐公,谁,美,？
我,与,城北徐公,谁,美,？
我,和,城北,的,徐公,谁,更,美丽,？
我,和,城北徐公,比,谁,漂亮
我,与,城北徐公,比,谁,最美,？
我,与,城北徐公,哪,一个,更美,？
我,与,城北徐公,比,谁,更,美,？
我,和,城北,的,徐公,谁,更,美
我,和,城北,的,徐,公比,谁,美,？
我,和,城北,的,徐公,谁,美,？
我,与,城北,的,徐,公比,谁,更,美,？
我,和,城北,的,徐,公比,，,谁,更,美,？
我,与,城北徐公,谁,更,美,？
我,与,城北徐公,相比,，,谁,更,美,？
我,和,城北徐公,谁,美
我,与,城北,的,徐,公比,谁,更,美,。
我,与,城北徐公,谁,美,？
我,和,城北,的,徐,公比,谁,更,美
我,与,城北,的,徐公,谁,美
我,和,城北,的,徐公,谁,美
我,和,城北,的,徐,公比,起来,哪,一个,更,俊美,？
我,与,城北,的,徐,公比,谁,更加,美,？
我,和,城北徐公,对比,谁,更,美,？
我,和,城北徐公,相比,谁,更,美,？
我,和,城北,的,徐公,谁,更,美,？
我,与,城北,的,徐公,相比,谁,更,美,？
我,与,城北徐公,谁,美,？
我,和,城北,的,徐,公比,谁,更,美,？
我,与,城北,的,徐公,谁,更,美,？
我,与,城北,的,徐公,谁,更,美,？
我,和,许公,谁,美,？
我,与,城北徐公,相比,，,谁,更,美,？
我,和,城北徐公,比,谁,更,美
我,和,城北徐公,比,谁,更,美,？
我,和,城北,的,徐公,谁,美,？
我,和,城北徐公,比,，,谁,美,？
我,与,城北,的,徐公,谁,美,？
我,和,城北,的,徐,公比,谁,更,美,？
我,与,城北,的,徐公,谁,美,？
我同,城北徐公,相比,，,谁,美,？
我,与,城北徐公,比,，,谁,更,美,？
我,与,城北,的,徐,公比,谁,更,美,？
我,与,城北,的,徐公,谁,美,？
我,与,城北徐公,相比,，,谁,美,？
我,和,城北徐公,谁,美
我,与,城北徐公,谁,美,？
我,与,城北,的,徐,公比,谁,更,美,呢
我,和,城北,的,徐,公比,谁,更,漂亮,呢,？
我,和,城北,的,徐公,谁,美丽,？
我,与,城北,的,徐,公比,谁,美
我同,城北徐公,相比,谁,美,？
我,与,城北,的,徐公,谁,更,美,？
我,与,城北,的,徐,公比,谁,更,美
我,与,城北,的,徐,公比,谁,更,美
我,与,城北徐公,比,谁,更,美,？
我,与,城北,的,徐公,谁,美,？
我,与,城北,的,徐公,相比,谁,更,美,（,帅气,）,？
我,和,城北,的,徐公,谁,美,？
我,与,城北,的,徐公,谁,美,？
我,与,城北徐公,谁,美,？
我,与,城北,的,徐公,谁,更,美,？
我,与,城北徐公,比,谁,更,美,？
我,与,城北徐公,谁,美
我,与,城北,的,徐公,相比,谁,更,美,？
我,与,城北,的,徐公,相比,谁,美,？
我,与,城北徐公,比,谁,更,美,？
我,与,城北,的,徐,公比,谁,更,美
我,与,城北徐公,比,谁,美,？
我,与,城北,的,徐公,谁,美,？
我,与,城北,的,徐公,谁,更,美,呢,？
我,和,城北,的,徐公,相比,谁,更,漂亮,美丽,？
我,和,城北徐公,比,谁,更,美,？
我,与,城北,的,徐公,谁,美
我,和,城北,的,徐公,相比,谁,更,漂亮,美丽,？
我,与,城北,的,徐公,谁,更,美,呢,？
我,与,徐,公比,谁,美,？
我,和,城北,的,徐,公比,，,谁,更,美,？
我,与,城北,的,徐,公比,谁,更,美
我,与,城北,的,徐,公比,谁,美,？
我,真的,比,城北,的,徐公,好看,吗,？
我,和,城北徐公,（,比,）,谁,美,？
我,与,城北,的,徐公,谁,美,？
我,和,城北,的,徐公,相比,谁,美,？
我,与,城北徐公,比,谁,更,美,？
我,与,城北,的,徐公,谁,美,？
我,与,城北徐公,谁,美,？
我,与,城北,的,徐公,哪,一个,更美,？
我,与,城北徐公,比,谁,更,美,？
我,与,城北徐公,谁,美,？
我,与,城北,的,徐,公比,谁,更,美
我,与,城北,的,徐,公比,，,哪个,更美
我,与,城北,的,徐,公比,，,谁,更,美
我,与,城北徐公,谁,美,呢,？
我,与,城北,的,徐公,谁,美,？
我,与,城北徐公,谁,美,？
我,与,城北,的,徐,公比,谁,更,美
我,与,城北徐公,谁,美,？
我,与,城北,的,徐,公比,谁,更,美
我,与,城北,的,徐公,哪,一个,更美,？
我,与,城北,的,徐公,谁,更,美,呢,？
我,和,城北,的,徐公,谁,美,？
我,与,城北徐公,谁,美,？
我,和,城北,的,徐公,相比,谁,更,美
我,与,城北,的,徐,公比,谁,美,？
我,和,城北,的,徐公,谁,更,美,？
我,与,城北徐公,谁,更,美,？
我,与,城北,的,徐公,相比,，,哪,一个,更,漂亮,？
我,与,城北徐公,谁,美,？
我,与,城北,的,徐公,谁,美,？
我,与,城北,的,徐,公比,谁,更,美
我,与,城北徐公,谁,美,？
我,与,城北,的,徐,公比,谁,更,美
我,与,城北,的,徐公,哪,一个,更美,？
我,与,城北,的,徐公,哪,一个,更美,？
我,和,城北,的,徐公,谁,美,？
我,和,城北,的,徐,公比,谁,更,美,？
我,与,城北,的,徐公,谁,美,？
我,与,城北徐公,谁,美,？
我,与,城北,的,徐公,谁,更,美,？
我,和,城北徐公,相比,谁,更,美,？
我,和,城北徐公,相比,谁,更,美,？
我,与,城北徐公,谁,美,？
我,和,城北,的,徐美比,谁,更,美,？
我,与,城北,的,徐公,相比,谁,更,美,？
我,与,城北,的,徐公,相比,，,哪,一个,更美,？
我,与,城北徐公,谁,漂亮,？
我,与,城北,的,徐公,谁,更,美丽,？
我,与,城北,的,徐,公比,哪个,美,？
我,与,城北徐公,谁,美,？
我,与,城北徐公,谁,更,美,？
我,与,城北,的,徐公,相比,谁,更,美,？
我,与,城北徐公,谁,比较,美,？
我,与,城北徐公,谁,美,？
我,与,城北徐公,谁,美,？
我,与,城北徐公,谁,美,？
我,与,城北徐公,相比,谁,美,。
我,与,城北徐公,谁,美,？
我,与,城北徐公,谁,更,美,？
我,和,城北徐公,谁,美,？
我,与,城北徐公,谁,美,？
我,与,城北徐公,谁,美,？
我,与,城北徐公,谁,美,？
我,与,城北徐公,谁,美,？
我,和,城北徐公,谁,美,？
我,与,城北,的,徐公,相比,谁,更,美,？
我,与,城北,的,徐公,相比,谁,美,？
我,和,城北徐公,谁,美,？
我,与,城北徐公,比,谁,美,？
我,与,许公,谁,美,？
我,与,城北徐公,谁,美丽,？
我,与,城北徐公,相比,，,谁,更,美,？
我,和,城北徐公,谁,美,？
我,与,城北徐公,比,谁,美,？
我,与,城北徐公,谁,美,？
我,和,城北,的,徐公,谁,美,？
我,和,徐,公比,谁,更,美,？
我,和,城北,的,徐,公比,谁,更,美,？
我,与,城北徐公,谁,美,？
我,与,城北徐公,谁,美,？
我,与,城北徐公,相比,谁,美,？
我,与,城北徐公,比,，,谁,更,美,？
我,和,城北徐公,比,，,谁,更,美,？
我同,城北徐公,相比,谁,更,美,？
我,与,城北,的,徐,公比,谁,美,？
我,与,城北,的,徐公,谁,更,美,？
我,与,城北,的,徐,公比,谁,更,貌美,？
我,与,城北徐公,谁,美,？
我,和,城北徐公,比,谁,更,美,？
我,与,城北,的,徐公,谁,更,美丽,？
我,与,城北徐公,谁,美,？
我,与,城北,的,徐,公比,谁,更,美,？
我,与,城北,的,徐,公比,谁,美,？
我,和,城北徐公,谁,美,？
我,与,城北徐公,相比,谁,更,美,呢,？
我,与,城北,的,徐公,相比,谁,更,美,？
我,和,=,跟,城北,的,徐公,谁,更,美,？
我,与,城北徐公,谁,美,？
我,和,城北,的,徐,公比,谁,美,？
我,与,城北,的,徐公,谁,美,？
我,与,城北徐公,谁,美,？
我,和,城北徐公,比,，,谁,美,？
我,与,城北,的,徐公,谁,美,？
我,与,城北,的,徐公,相比,谁,更,美,？
我,和,城北,的,徐公,谁,美,？
我,与,城北徐公,比,，,谁,更,美,？
我,和,城北徐公,谁,美,？
我,和,城北,的,徐,公比,谁,美,？
我,与,城北徐公,谁,美,？
我,与,城北,的,徐公,相比,谁,更,美,？
我,与,城北徐公,谁,美,？
我,与,城北徐公,谁,美,？
我,与,城北徐公,谁,美,？
我,与,城北,的,徐公,相比,，,谁,更,美,？
我,和,城北徐公,谁,美,？
我,和,城北徐公,比,谁,美,？
我,与,城北徐公,谁,美,？
我,和,城北,的,徐公,相比,谁,更,美,？
我,与,城北,的,徐公,相比,谁,美,。
我,与,城北徐公,相比,谁,美,？
我,与,城北徐公,相比,谁,更,美,？
我,和,城北,的,徐,公比,谁,美,？
我,与,城北徐公,比,谁,美,？
我,和,城北,的,徐公,谁,美,？
我,与,城北,的,徐公,谁,美,？
我,与,城北徐公,谁,美,。
我,与,城北,的,徐公,谁,美,。
我,与,徐公,相比,哪,一个,更美,？
我,与,城北徐公,谁,美,？
我,与,城北徐公,谁,美,。
我,比,城北徐公,美,吗,？
我,与,城北徐公,谁,美,。
我,与,城北,的,徐,公比,谁,更,美,？
我,和,城北徐公,比,谁,美,？
我,与,城北徐公,谁,美,。
我,与,城北,的,徐公,谁,美,？
我,与,城北徐公,谁,美,？
我,和,城北徐公,谁,美,？
我,与,城北,的,徐公,谁,漂亮
我,与,城北徐公,比,谁,（,比较,）,美,？
我,与,城北徐公,谁,美,？
我,和,城北徐公,谁,美,。
我,与,城北,的,徐,公比,谁,更,漂亮,？
我,与,城北徐公,比,谁,美,？
我,和,城北,的,徐公,谁,美,？
我,跟,徐公,谁,漂亮,？
我,与,城北徐公,谁,美,？
我,和,城北徐公,谁,美,？
我,和,城北徐公,谁,美
我,与,城北徐公,谁,美,？
我,与,城北,的,徐,公比,谁,美,？
我,与,城北,的,徐公,谁,美
我,与,城北徐公,谁,更,美,。
我,与,城北徐公,谁,美,？
我,与,城北,的,徐,公比,谁,美,？
我,与,城北,的,徐,公比,谁,更,美丽,？
我,与,城北徐公,谁,美,。
我,和,城北,的,徐,公比,，,谁,美,？
我,与,城北,的,徐公,相比,谁,美,？
我,与,城北徐公,谁,美,？
我,和,城北,的,徐公,相比,谁,更,美,？
我,与,城北,的,徐公,谁,更,漂亮,？
我,与,城北,的,徐公,相比,谁,更,美,？
我,相,比较,城北,的,徐公,谁,美,？
我,与,城北徐公,谁,美
我,与,城北徐公,谁,美,？
我,与,城北徐公,谁,美,？
我,和,城北,的,徐公,谁,美,？
我,和,城北,的,徐公,谁,美,？
我,与,城北,的,徐,公比,谁,美,？
我,和,城北,的,徐公,相比,谁,更,美,？
我,和,城北,的,徐公,谁,美,？
我,与,城北,的,徐公,谁,美,？
我,与,城北徐公,谁,更,美,？
我,与,城北徐公,谁,美,？
我,与,城北徐公,谁,美,？
我,与,城北徐公,谁,美
我,和,城北,的,徐,公比,谁,美,？
我,与,城北,的,徐公,谁,美,。
我,和,城北,的,徐公,相比,谁,更,美,？
我,和,城北,的,徐,公比,谁,美,？
我,和,城北徐公,比,谁,美,？
我,与,城北徐公,比,谁,更,漂亮,？
我,和,城北,的,徐,公比,谁,美,？
我,与,城北,的,徐公,相比,谁,更,美,？
我,与,城北,的,徐公,相比,谁,更,美,？
我,和,城北,的,徐,公比,谁,美,？
我,和,城北,的,徐公,谁,美,。
我,与,徐公,谁,美丽,？
我,和,城北,的,徐,公比,谁,美,？
我,和,城北徐公,谁,美
我,和,城北,的,徐公,谁,美,？
我,与,城北,的,徐公,相比,谁,更,美,？
我,与,城北徐公,谁,更,美
我,和,城北,的,徐,公比,谁,美,？
我,与,城北,的,徐公,相比,谁,更,美,？
我,与,城北徐公,相比,谁,更,美丽,？
我,与,城北徐公,相比,，,谁,更,美,呢,？
我,与,城北,的,徐公,谁,美,？
我,和,城北,的,徐,公比,谁,美,？
我,与,城北徐公,比,谁,更,美丽
我,与,城北徐公,谁,更,美丽,？
我,与,城北,的,徐公,相比,谁,更,美,？
我,和,城北,的,徐公,谁,更,美,？
我,和,城北,边,的,徐公,谁,美,？
我,与,城北,的,徐公,相比,谁,更,美,？
我,与,城北,的,徐,公比,谁,美
我,与,城北,的,徐,公比,谁,更,美,一些,？
我,和,徐工,谁,更,美,？
我,和,城北,的,徐公,相比,谁,更,美,？
我,跟,城北,的,徐,公比,谁,更,漂亮,？
我,与,城北徐公,谁,美
我,与,城北,的,徐公,谁,美,？
我,与,城北,的,徐公子,谁,更,美,一点,？
我,和,城北,（,的,）,徐,公比,谁,更,美,？
我,与,城北,的,徐公,相比,，,谁,更,美,？
我,和,徐公,谁,更,美
我,与,城北,的,徐,公比,，,哪,一个,美,？
我,与,城北,的,徐公,谁,美
我,和,城北,的,徐公,谁,美,？
我,与,城北,的,徐公,谁,更,漂亮,?
我,和,城北,的,徐公,谁,更,美,。
我,和,城北,的,徐,公比,谁,美,？
我,和,城北,的,徐,公比,谁,美,。
我,和,城北徐公,谁,美,？
我,和,城北,的,徐,公比,谁,漂亮,？
我,与,城北,的,徐公,相比,谁,更,美,？
我,和,城北徐公,谁,美,？
我,和,城北徐公,谁,美,？
我,和,城北徐公,谁,美,？
我,和,城北,的,徐公,相比,，,谁,更,美,？
我,与,城北,的,徐公,谁,美,。
我,与,城北徐公,相比,，,谁,更,美,？
我,和,城北,的,徐,公比,谁,美,？
我,与,城北,的,徐公,谁,美,？
我同,城北,的,徐公,谁,美,？
我,与,城北,的,徐公,相比,谁,更,美,？
我,和,城北徐公,谁,美
我,和,城北,的,徐,公比,谁,美,？
我,与,城北,的,徐公,谁,美,？
我,与,城北徐公,相比,谁,更,美,？
我,与,城北,的,徐公,相比,谁,更,美,？
我,和,城北,的,徐,公比,谁,美,？
我,和,城北,的,徐,公比,谁,美,？
我,和,城北,的,徐,公比,谁,美,？
我,与,城北,的,徐公,相比,谁,更,美,？
我,与,城北徐公,相比,，,谁,更,美,？
我,与,城北徐公,谁,美,。
我,和,城北,的,徐,公比,谁,美,？
我,与,城北,的,徐公,谁,美,？
我,和,城北,的,徐公,谁,美,？
我,与,城北,的,徐公,谁,美,？
我,和,城北徐公,谁,美,？
我,与,城北徐公,谁,美,？
我,与,城北,的,徐,公比,谁,更,美,？
我,与,城北,的,徐公,谁,美,？
